prefecture_code,district_number,candidate_name,age,party_id,status,previous_wins,dual_candidacy
01,1,道下大樹,50,chudo,incumbent,3,true
01,1,臼木秀剛,44,dpfp,incumbent,1,true
01,1,森英士,48,jcp,new,0,false
01,1,加藤貴弘,43,ldp,new,0,true
01,1,加納千津子,50,sansei,new,0,false
01,2,平岡大介,37,jcp,new,0,false
01,2,高橋祐介,45,ldp,former,1,true
01,2,松木謙公,66,chudo,incumbent,7,true
01,2,中田綾子,49,sansei,new,0,true
01,2,山崎泉,52,ishin,new,0,true
01,3,高木宏寿,65,ldp,former,3,true
01,3,中島良樹,47,sansei,new,0,true
01,3,円子裕子,62,jcp,new,0,false
01,3,荒井優,50,chudo,incumbent,2,true
01,4,佐々木明美,65,jcp,new,0,false
01,4,中村裕之,64,ldp,incumbent,5,true
01,4,大築紅葉,42,chudo,incumbent,2,true
01,4,高橋翔太,37,sansei,new,0,false
01,5,和田義明,54,ldp,former,3,true
01,5,池田真紀,53,chudo,incumbent,2,true
01,6,荻生和敏,76,jcp,new,0,false
01,6,西川将人,57,chudo,incumbent,1,true
01,6,東国幹,57,ldp,incumbent,2,true
01,7,篠田奈保子,54,chudo,incumbent,1,true
01,7,鈴木貴子,40,ldp,incumbent,5,true
01,8,逢坂誠二,66,chudo,incumbent,6,true
01,8,向山淳,42,ldp,incumbent,1,true
01,9,立野広志,68,jcp,new,0,false
01,9,松下英樹,35,ldp,new,0,true
01,9,山岡達丸,46,chudo,incumbent,4,true
01,9,菅野望帆,36,sansei,new,0,false
01,10,渡辺孝一,68,ldp,former,4,true
01,10,神谷裕,57,chudo,incumbent,3,true
01,11,宇都隆史,51,sansei,new,0,false
01,11,石川香織,41,chudo,incumbent,3,true
01,11,中川紘一,35,ldp,new,0,true
01,12,武部新,55,ldp,incumbent,5,true
01,12,川原田英世,43,chudo,incumbent,1,true
02,1,升田世喜男,68,chudo,incumbent,2,true
02,1,斎藤美緒,46,jcp,new,0,false
02,1,加藤勉,65,sansei,new,0,false
02,1,津島淳,59,ldp,incumbent,5,true
02,2,神田潤一,55,ldp,incumbent,2,true
02,2,金浜亨,37,dpfp,new,0,true
02,2,久保将,71,jcp,new,0,false
02,2,松尾和彦,62,chudo,new,0,true
02,3,岡田華子,45,chudo,incumbent,1,true
02,3,木村次郎,58,ldp,former,2,true
02,3,佐原若子,72,reiwa,incumbent,1,true
03,1,階猛,59,chudo,incumbent,7,true
03,1,米内紘正,38,ldp,new,0,true
03,1,吉田恭子,45,jcp,new,0,true
03,1,佐々木大成,47,sansei,new,0,false
03,1,小笠原勇治,62,independent,new,0,false
03,2,佐々木真琴,29,dpfp,new,0,true
03,2,鈴木俊一,72,ldp,incumbent,11,true
03,3,小沢一郎,83,chudo,incumbent,19,true
03,3,藤原崇,42,ldp,former,4,true
03,3,及川泰輔,47,sansei,new,0,false
04,1,ローレンス綾子,55,sansei,new,0,true
04,1,中嶋廉,73,jcp,new,0,false
04,1,高橋浩司,62,ishin,new,0,true
04,1,土井亨,67,ldp,former,5,true
04,1,岡本章子,61,chudo,incumbent,3,true
04,2,和田政宗,51,sansei,new,0,true
04,2,鎌田さゆり,61,chudo,incumbent,4,true
04,2,早坂敦,54,ishin,former,1,true
04,2,渡辺勝幸,50,ldp,new,0,true
04,2,佐藤理々香,25,dpfp,new,0,true
04,3,西村明宏,65,ldp,former,6,true
04,3,林萌子,27,sansei,new,0,false
04,3,柳沢剛,62,chudo,incumbent,1,true
04,3,結城孝,41,independent,new,0,false
04,3,浅田晃司,79,independent,new,0,false
04,4,佐野誠,41,sansei,new,0,false
04,4,安住淳,64,chudo,incumbent,10,true
04,4,森下千里,44,ldp,incumbent,1,true
04,5,境恒春,46,chudo,new,0,true
04,5,小野寺五典,65,ldp,incumbent,9,true
04,5,結城豊,66,jcp,new,0,false
05,1,冨樫博之,70,ldp,incumbent,5,true
05,1,木村佐知子,39,dpfp,new,0,true
05,1,佐藤美和子,66,sansei,new,0,false
05,1,鈴木知,49,jcp,new,0,false
05,1,早川周作,49,chudo,new,0,true
05,1,松浦大悟,56,ishin,new,0,true
05,2,福原淳嗣,58,ldp,incumbent,1,true
05,2,緑川貴士,41,chudo,incumbent,3,true
05,3,御法川信英,61,ldp,incumbent,7,true
05,3,村岡敏英,65,dpfp,incumbent,3,true
06,1,遠藤寛明,39,ldp,new,0,true
06,1,原田和広,52,chudo,incumbent,1,true
06,1,桜田恭子,44,sansei,new,0,false
06,2,菊池大二郎,43,dpfp,incumbent,1,true
06,2,鈴木憲和,44,ldp,incumbent,5,true
06,2,岩本康嗣,60,jcp,new,0,false
06,3,落合拓磨,28,chudo,new,0,true
06,3,遠藤和史,60,sansei,new,0,false
06,3,加藤鮎子,46,ldp,incumbent,4,true
06,3,喜多恒介,36,dpfp,new,0,true
07,1,西山尚利,60,ldp,new,0,true
07,1,亀岡偉一,37,independent,new,0,false
07,1,金子恵美,60,chudo,incumbent,4,true
07,2,玄葉光一郎,61,chudo,incumbent,11,true
07,2,大山里幸子,52,sansei,new,0,true
07,2,遠藤雄大,41,independent,new,0,false
07,2,丸本由美子,63,jcp,new,0,false
07,2,根本拓,39,ldp,incumbent,1,true
07,3,上杉謙太郎,50,ldp,former,2,true
07,3,金山屯,85,independent,new,0,false
07,3,小熊慎司,57,chudo,incumbent,5,true
07,4,山口洋太,35,dpfp,new,0,true
07,4,斎藤裕喜,46,chudo,incumbent,1,true
07,4,熊谷智,46,jcp,new,0,false
07,4,坂本竜太郎,45,ldp,incumbent,1,true
08,1,大内久美子,76,jcp,new,0,false
08,1,川端絢美,42,sansei,new,0,true
08,1,福島伸享,55,independent,incumbent,4,false
08,1,田所嘉徳,72,ldp,incumbent,5,true
08,2,宮内匠,30,sansei,new,0,false
08,2,小沼巧,40,chudo,new,0,true
08,2,額賀福志郎,82,ldp,incumbent,14,false
08,2,谷川祐一,50,dpfp,new,0,true
08,3,斎藤真衣,35,sansei,new,0,true
08,3,梶岡博樹,48,chudo,new,0,true
08,3,葉梨康弘,66,ldp,incumbent,7,true
08,3,加川裕美,61,reiwa,new,0,false
08,4,吉田翔,28,jcp,new,0,false
08,4,梶山弘志,70,ldp,incumbent,9,true
08,5,鈴木拓海,46,ldp,new,0,true
08,5,浅野哲,43,dpfp,incumbent,3,true
08,6,稲葉英樹,58,jcp,new,0,false
08,6,青山大人,47,independent,incumbent,3,false
08,6,堀越麻紀,53,sansei,new,0,true
08,6,国光文乃,46,ldp,incumbent,3,true
08,6,中村吉男,55,independent,new,0,false
08,7,永岡桂子,72,ldp,incumbent,7,true
08,7,中村勇太,39,independent,incumbent,1,false
09,1,大森紀明,54,sansei,new,0,true
09,1,青木弘,65,jcp,new,0,false
09,1,船田元,72,ldp,incumbent,14,true
09,1,小池篤史,49,chudo,new,0,true
09,1,柏倉祐司,56,ishin,former,1,true
09,1,石川文三郎,69,independent,new,0,false
09,2,福田昭夫,77,chudo,incumbent,7,true
09,2,五十嵐清,56,ldp,incumbent,2,true
09,2,藤田久美,47,sansei,new,0,false
09,3,渡辺真太朗,33,independent,new,0,false
09,3,簗和生,46,ldp,incumbent,5,true
09,3,伊賀央,61,chudo,new,0,true
09,4,石坂太,45,ldp,new,0,true
09,4,藤岡隆雄,48,chudo,incumbent,2,true
09,4,野口智子,45,sansei,new,0,false
09,4,大貫学,68,independent,new,0,false
09,5,茂木敏充,70,ldp,incumbent,11,true
09,5,寺田和史,47,dpfp,new,0,true
09,5,岡村恵子,72,jcp,new,0,false
09,5,宮本陽介,38,sansei,new,0,false
10,1,中曽根康隆,44,ldp,incumbent,3,true
10,1,店橋世津子,64,jcp,new,0,false
10,1,河村正剛,52,chudo,new,0,true
10,2,原和隆,56,dpfp,new,0,true
10,2,井野俊郎,46,ldp,incumbent,5,true
10,2,石関貴史,53,independent,former,4,false
10,2,高橋保,68,jcp,new,0,false
10,2,伊藤純子,57,hoshuto,new,0,true
10,2,熊井戸園子,57,sansei,new,0,false
10,3,長谷川嘉一,73,chudo,incumbent,2,true
10,3,笹川博義,59,ldp,incumbent,5,true
10,4,伊藤達也,42,jcp,new,0,false
10,4,青木ひとみ,44,sansei,new,0,true
10,4,福田達夫,58,ldp,incumbent,5,true
10,4,山田博規,67,chudo,new,0,true
10,5,小渕優子,52,ldp,incumbent,9,true
10,5,木暮智貴,31,sansei,new,0,false
11,1,村井英樹,45,ldp,current,5,true
11,1,武正公一,64,chudo,current,7,true
11,1,菅又士廊,37,sansei,new,0,false
11,1,羽田一樹,37,independent,new,0,false
11,2,新藤義孝,68,ldp,current,9,true
11,2,高橋英明,62,ishin,current,2,true
11,2,菅野静華,37,sansei,new,0,false
11,2,細谷勇人,36,dpfp,new,0,true
11,3,黄川田仁志,55,ldp,current,5,true
11,3,竹内千春,57,chudo,current,1,true
11,3,中村尚子,60,sansei,new,0,false
11,4,穂坂泰,51,ldp,current,3,true
11,4,岸田光広,58,dpfp,current,1,true
11,4,伊勢田享子,48,ishin,new,0,true
11,4,工藤薫,76,jcp,new,0,false
11,5,枝野幸男,61,chudo,current,11,true
11,5,井原隆,43,ldp,new,0,true
11,5,飯塚佳佑,30,sansei,new,0,false
11,6,大島敦,69,chudo,current,9,true
11,6,尾花瑛仁,42,ldp,new,0,true
11,6,津田賢伯,50,ishin,new,0,true
11,6,長島美子,58,sansei,new,0,true
11,6,秋山もえ,49,jcp,new,0,false
11,7,小宮山泰子,60,chudo,current,8,true
11,7,中野英幸,64,ldp,current,2,true
11,8,柴山昌彦,60,ldp,current,8,true
11,8,市来伴子,48,chudo,current,1,true
11,8,岡田静佳,52,independent,new,0,false
11,9,杉村慎治,49,chudo,current,1,true
11,9,大塚拓,52,ldp,former,5,true
11,10,坂本祐之輔,71,chudo,current,4,true
11,10,山口晋,42,ldp,former,1,true
11,11,小泉龍司,73,ldp,current,8,false
11,11,島田誠,67,chudo,new,0,true
11,11,甲斐隆,54,sansei,new,0,false
11,11,柿沼遥輝,42,jcp,new,0,false
11,11,布施卓人,48,dpfp,new,0,true
11,12,森田俊和,51,chudo,current,3,true
11,12,野中厚,49,ldp,current,5,true
11,13,三ツ林裕巳,70,ldp,former,4,true
11,13,橋本幹彦,30,dpfp,current,1,true
11,13,杉山鎮夫,43,sansei,new,0,false
11,13,沢口千枝子,75,jcp,new,0,false
11,13,高井崇志,56,reiwa,current,4,true
11,14,鈴木義弘,63,dpfp,current,4,true
11,14,藤田誠,52,ldp,new,0,true
11,14,苗村京子,67,jcp,new,0,false
11,14,雨宮裕子,55,sansei,new,0,false
11,15,田中良生,62,ldp,current,6,true
11,15,小山田経子,47,chudo,new,0,true
11,15,南原竜樹,65,ishin,new,0,true
11,15,藤川広明,53,shoha,new,0,false
11,16,土屋品子,74,ldp,current,9,false
11,16,三角創太,38,chudo,current,1,true
11,16,永堀健,58,jcp,new,0,false
12,1,門山宏哲,61,ldp,current,4,true
12,1,田嶋要,64,chudo,current,8,true
12,1,上田敦広,42,sansei,new,0,false
12,2,小林鷹之,51,ldp,current,5,true
12,2,佐藤由美,54,chudo,new,0,true
12,2,白石ちよ,49,jcp,new,0,false
12,3,松野博一,63,ldp,current,9,true
12,3,岡島一正,68,chudo,current,4,true
12,3,山本政幸,40,sansei,new,0,false
12,3,渡部公美子,42,jcp,new,0,false
12,4,水沼秀幸,35,chudo,current,1,true
12,4,鹿嶋祐介,45,ldp,new,0,true
12,4,工藤聖子,46,sansei,new,0,true
12,4,玉堀里衣,38,jcp,new,0,false
12,4,高橋宏,49,genzei,new,0,true
12,5,英利アルフィヤ,37,ldp,current,2,true
12,5,矢崎堅太郎,58,chudo,current,1,true
12,5,岡野純子,47,dpfp,current,1,true
12,5,小林修平,35,mirai,new,0,true
12,5,宮路純一,36,sansei,new,0,false
12,6,安藤淳子,49,chudo,current,1,true
12,6,渡辺博道,75,ldp,former,8,false
12,6,武藤雄大,33,dpfp,new,0,true
12,6,出羽幹子,59,sansei,new,0,false
12,6,浦野真,36,jcp,new,0,false
12,7,斎藤健,66,ldp,current,6,true
12,7,林田章裕,49,dpfp,new,0,true
12,7,川田龍平,50,genzei,new,0,true
12,8,本庄知史,51,chudo,current,2,true
12,8,松本泉,44,ldp,new,0,true
12,8,宮本寛之,41,sansei,new,0,true
12,8,石塚貞通,58,ishin,new,0,true
12,9,奥野総一郎,61,chudo,current,6,true
12,9,田宮寿人,36,ldp,new,0,true
12,9,田沼隆志,50,ishin,former,1,true
12,9,前田裕介,51,sansei,new,0,false
12,10,谷田川元,63,chudo,current,4,true
12,10,小池正昭,59,ldp,current,1,true
12,10,田村理江,35,jcp,new,0,false
12,11,森英介,77,ldp,current,12,false
12,11,多ケ谷亮,57,chudo,current,2,true
12,11,椎名史明,68,jcp,new,0,false
12,12,浜田靖一,70,ldp,current,11,true
12,12,葛原茂,74,jcp,new,0,false
12,12,大薄裕也,37,independent,new,0,false
12,13,松本尚,63,ldp,current,2,true
12,13,宮川伸,55,chudo,current,2,true
12,13,中谷めぐ,44,sansei,new,0,true
12,14,野田佳彦,68,chudo,current,10,false
12,14,長野春信,53,ldp,new,0,true
12,14,中村愛,42,sansei,new,0,false
12,14,八鎌健太,30,jcp,new,0,false
13,1,山田美樹,51,ldp,former,4,true
13,1,海江田万里,76,chudo,current,9,true
13,1,吉川里奈,38,sansei,current,1,true
13,1,春山明日香,51,ishin,new,0,true
13,1,黒田朝陽,29,jcp,new,0,false
13,2,天野こころ,36,shoha,new,0,false
13,2,海江田悠輔,46,sansei,new,0,false
13,2,鳩山紀一郎,49,dpfp,current,1,true
13,2,細野真理,44,jcp,new,0,false
13,2,土橋章宏,56,mirai,new,0,true
13,2,辻清人,46,ldp,current,5,true
13,2,今村充,50,ishin,new,0,true
13,3,石崎徹,42,ishin,former,3,true
13,3,石田慎吾,46,dpfp,new,0,true
13,3,阿部祐美子,61,chudo,current,1,true
13,3,植木洋貴,43,sansei,new,0,true
13,3,石原宏高,61,ldp,current,6,true
13,4,井戸正枝,60,dpfp,former,1,true
13,4,嶋悦子,45,sansei,new,0,false
13,4,平将明,58,ldp,current,7,true
13,4,谷川智行,54,jcp,new,0,true
13,5,稲葉太郎,41,ishin,new,0,true
13,5,桑水流弓紀子,38,dpfp,new,0,true
13,5,手塚仁雄,59,chudo,current,6,true
13,5,若宮健嗣,64,ldp,former,5,true
13,5,松岡登志子,56,sansei,new,0,false
13,6,落合貴之,46,chudo,current,4,true
13,6,丸山勝己,58,dpfp,new,0,true
13,6,島村直輝,46,sansei,new,0,false
13,6,畦元将吾,67,ldp,former,2,true
13,6,福村康広,69,shoha,new,0,false
13,7,峰島侑也,35,mirai,new,0,true
13,7,丸川珠代,55,ldp,new,0,true
13,7,渡辺泰之,53,ishin,new,0,true
13,7,松尾明弘,51,chudo,current,2,true
13,7,石川友梨香,29,sansei,new,0,false
13,7,入江伸子,63,dpfp,new,0,true
13,8,森田一成,46,dpfp,new,0,true
13,8,門寛子,45,ldp,new,0,true
13,8,永井漠,38,sansei,new,0,false
13,8,吉田晴美,54,chudo,current,2,true
13,8,海保杜久麻,31,reiwa,new,0,false
13,8,大谷司郎,62,hoshuto,new,0,true
13,8,藤原幸弘,92,independent,new,0,false
13,9,鈴木文哉,33,sansei,new,0,false
13,9,薬師寺道代,61,dpfp,new,0,true
13,9,菅原一秀,64,ldp,former,6,true
13,9,山岸一生,44,chudo,current,2,true
13,10,鈴木隼人,48,ldp,current,4,true
13,10,梶原みずほ,53,dpfp,new,0,true
13,10,小山徹,50,shoha,new,0,false
13,10,鈴木庸介,50,chudo,current,2,true
13,10,安田伸,55,sansei,new,0,false
13,11,大豆生田実,60,ishin,new,0,true
13,11,松方恵美,52,sansei,new,0,false
13,11,阿久津幸彦,69,chudo,current,5,true
13,11,桑島康文,64,shoha,new,0,false
13,11,高沢一基,51,dpfp,new,0,true
13,11,下村博文,71,ldp,former,9,true
13,11,横手海人,29,jcp,new,0,false
13,12,阿部司,43,ishin,current,2,true
13,12,久住勇樹,42,dpfp,new,0,true
13,12,黒石裕子,34,sansei,new,0,false
13,12,田原聖子,56,jcp,new,0,false
13,12,高木啓,60,ldp,current,3,true
13,12,中原翔太,33,chudo,new,0,true
13,13,加地敏子,50,sansei,new,0,false
13,13,土田慎,35,ldp,current,2,true
13,13,沢田真吾,40,jcp,new,0,false
13,13,森洋介,31,dpfp,current,1,true
13,14,長南貴則,40,dpfp,new,0,true
13,14,丹悠,45,sansei,new,0,false
13,14,原努,44,jcp,new,0,false
13,14,松島みどり,69,ldp,current,8,true
13,14,櫛渕万里,58,reiwa,current,3,true
13,15,酒井菜摘,39,chudo,current,2,true
13,15,鈴木佳奈,46,sansei,new,0,false
13,15,三次由梨香,40,ishin,new,0,true
13,15,深見紗采,32,dpfp,new,0,true
13,15,大空幸星,27,ldp,current,1,true
13,15,吉野敏明,58,genzei,new,0,true
13,16,竹内知子,45,dpfp,new,0,true
13,16,村上剛,44,sansei,new,0,false
13,16,柴田勝之,57,chudo,current,1,true
13,16,大西洋平,48,ldp,current,1,true
13,17,反田麻理,45,chudo,new,0,true
13,17,平沢勝栄,80,ldp,current,10,false
13,17,長谷川貴子,52,dpfp,new,0,true
13,17,円より子,78,independent,current,1,false
13,17,杉浦慎一郎,29,sansei,new,0,false
13,17,鈴木真志,54,shoha,new,0,false
13,17,猪口幸子,69,ishin,current,1,true
13,18,徳永由紀子,48,sansei,new,0,true
13,18,松下玲子,55,chudo,current,1,true
13,18,福田かおる,40,ldp,current,1,true
13,18,吉田綾,40,shoha,new,0,false
13,18,鈴木佑馬,39,dpfp,new,0,true
13,19,諏訪玲子,42,dpfp,new,0,true
13,19,末松義規,69,chudo,current,8,true
13,19,松本洋平,52,ldp,current,5,true
13,19,一ノ瀬陽子,50,sansei,new,0,false
13,19,井手重美津子,62,jcp,new,0,false
13,20,木原誠二,55,ldp,current,6,true
13,20,大西健太郎,47,dpfp,new,0,true
13,20,掛山茂希,40,sansei,new,0,false
13,20,宮本徹,54,jcp,former,2,true
13,21,黒田太郎,59,dpfp,new,0,true
13,21,鈴木烈,45,chudo,new,0,true
13,21,星野奈美,40,sansei,new,0,false
13,21,小田原潔,61,ldp,former,4,true
13,21,矢田一久,35,genzei,new,0,true
13,22,山花郁夫,59,chudo,current,6,true
13,22,伊藤達也,64,ldp,current,8,true
13,22,鈴木美香,40,sansei,new,0,true
13,23,川松真一朗,45,ldp,new,0,true
13,23,伊藤俊輔,46,chudo,current,3,true
13,23,池川友一,38,jcp,new,0,false
13,23,舟見裕貴,35,sansei,new,0,false
13,24,細屋椋,30,dpfp,new,0,true
13,24,與倉さゆり,41,sansei,new,0,false
13,24,深田萌絵,42,independent,new,0,false
13,24,萩生田光一,62,ldp,current,7,true
13,24,細貝悠,38,chudo,new,0,true
13,25,依田花蓮,54,chudo,new,0,true
13,25,木村奈美,40,sansei,new,0,false
13,25,宗像久敬,47,dpfp,new,0,true
13,25,井上信治,56,ldp,current,8,true
13,25,宮崎太朗,45,ishin,new,0,true
13,26,松井佳苗子,50,jcp,new,0,false
13,26,坂元悠紀,45,dpfp,new,0,true
13,26,松原仁,69,independent,current,8,false
13,26,宇佐美登,55,mirai,former,2,true
13,26,今岡植,37,ldp,new,0,true
13,26,菅沼桂子,45,sansei,new,0,false
13,27,長妻昭,65,chudo,current,9,true
13,27,小笠原愛子,40,sansei,new,0,false
13,27,黒崎祐一,49,ldp,new,0,true
13,27,須山卓知,45,dpfp,new,0,true
13,28,村松一希,40,sansei,new,0,true
13,28,橋口奈保,49,ishin,new,0,true
13,28,安藤高夫,66,ldp,current,2,true
13,28,高野直美,71,jcp,new,0,false
13,28,高松智之,51,chudo,current,2,true
13,28,三沢宏明,38,dpfp,new,0,true
13,29,堀川哲郎,40,sansei,new,0,false
13,29,木村剛司,54,chudo,former,2,true
13,29,鈴木賢一,64,jcp,new,0,false
13,29,長沢興祐,44,ldp,new,0,true
13,29,樽井良和,58,dpfp,former,1,true
13,29,小坂英二,53,hoshuto,new,0,true
13,30,寿玲子,45,sansei,new,0,false
13,30,五十嵐衣里,42,chudo,current,2,true
13,30,川上竜世,28,dpfp,new,0,true
13,30,長島昭久,63,ldp,current,7,true
14,1,篠原豪,50,chudo,current,4,true
14,1,丸尾南都子,43,ldp,new,0,true
14,1,浅川義治,57,ishin,former,1,true
14,2,柳家東三楼,49,chudo,new,0,true
14,2,新田章文,44,ldp,new,0,true
14,2,平本幸次郎,63,sansei,new,0,false
14,2,並木まり子,74,jcp,new,0,false
14,2,片山智絵,34,dpfp,new,0,true
14,3,横山征吾,54,jcp,new,0,false
14,3,中村武人,51,chudo,new,0,true
14,3,二宮研,50,dpfp,new,0,true
14,3,荻野ミエ,42,sansei,new,0,false
14,3,中西健治,62,ldp,current,2,true
14,4,早稲田夕季,67,chudo,current,3,true
14,4,田宮零一郎,35,sansei,new,0,false
14,4,永田磨梨奈,42,ldp,new,0,true
14,5,久坂くにえ,53,ishin,new,0,true
14,5,山崎誠,63,chudo,current,4,true
14,5,高宮美智子,73,jcp,new,0,false
14,5,坂井学,60,ldp,current,6,true
14,6,古川直季,57,ldp,current,2,true
14,6,青柳陽一郎,56,chudo,current,5,true
14,7,鈴木馨祐,49,ldp,current,6,true
14,7,中谷一馬,42,chudo,current,3,true
14,8,江田憲司,69,chudo,current,8,true
14,8,三谷英弘,49,ldp,current,4,true
14,9,笠浩史,61,chudo,current,8,true
14,9,赤石博子,65,jcp,new,0,false
14,9,上原正裕,47,ldp,new,0,true
14,10,田中和徳,77,ldp,current,10,false
14,10,中野智裕,67,jcp,new,0,false
14,10,山口翔平,35,dpfp,new,0,true
14,10,橋本公夫,33,sansei,new,0,false
14,10,金村龍那,46,ishin,current,2,true
14,11,小泉進次郎,44,ldp,current,6,false
14,11,前林恒平,40,sansei,new,0,false
14,11,為壮稔,72,jcp,new,0,false
14,12,阿部知子,77,chudo,current,9,true
14,12,沼上常生,67,jcp,new,0,false
14,12,星野剛士,62,ldp,current,5,true
14,12,菊竹進,53,independent,new,0,false
14,13,太栄志,48,chudo,current,2,true
14,13,丸田康一郎,40,ldp,new,0,true
14,13,石井匡,58,sansei,new,0,false
14,14,先沖仁志,49,sansei,new,0,false
14,14,赤間二郎,57,ldp,current,6,true
14,14,中村圭,45,jcp,new,0,false
14,14,長友克洋,55,chudo,current,1,true
14,15,河野太郎,63,ldp,current,10,true
14,15,小山善光,53,sansei,new,0,false
14,15,三好諒,40,reiwa,new,0,true
14,15,佐々木克己,70,shamin,new,0,true
14,16,後藤祐一,56,chudo,current,6,true
14,16,佐藤主迪,31,ldp,new,0,true
14,17,中村太一,37,dpfp,new,0,true
14,17,牧島かれん,49,ldp,current,5,true
14,17,佐々木奈保美,56,chudo,current,1,true
14,18,山際大志郎,57,ldp,current,7,true
14,18,西岡義高,48,dpfp,current,1,true
14,18,宗野創,33,chudo,current,1,true
14,18,八巻陽子,52,jcp,new,0,false
14,18,藤田修一,59,sansei,new,0,false
14,18,横田光弘,68,ishin,new,0,true
14,19,深作ヘスス,41,dpfp,current,1,true
14,19,室井一真,40,sansei,new,0,true
14,19,草間剛,44,ldp,current,1,true
14,19,添田勝,48,ishin,new,0,true
14,20,金子洋一,63,ishin,new,0,true
14,20,金沢結衣,35,ldp,new,0,true
14,20,大塚小百合,46,chudo,current,1,true
15,1,西村智奈美,59,chudo,current,7,true
15,1,内山航,44,ldp,new,0,true
15,1,小池幸夫,53,sansei,new,0,false
15,1,伊藤和成,47,ishin,new,0,true
15,1,中村岳夫,50,jcp,new,0,false
15,2,菊田真紀子,56,chudo,current,8,true
15,2,国定勇人,53,ldp,current,2,true
15,2,金井典子,50,ishin,new,0,true
15,2,平井恵里子,47,sansei,new,0,false
15,3,斎藤洋明,49,ldp,current,5,true
15,3,黒岩宇洋,59,chudo,current,4,true
15,3,佐久間慶子,41,sansei,new,0,false
15,4,米山隆一,58,chudo,current,2,true
15,4,鷲尾英一郎,49,ldp,former,6,true
15,4,野村泰暉,27,dpfp,new,0,true
15,4,大矢寿乃,46,sansei,new,0,false
15,5,高鳥修一,65,ldp,former,5,true
15,5,梅谷守,52,chudo,current,2,true
15,5,高野直行,48,sansei,new,0,false
16,1,青山了介,50,jcp,new,0,false
16,1,中田宏,61,ldp,former,4,true
16,1,山登志浩,46,chudo,current,1,true
16,1,斉藤匠,34,sansei,new,0,true
16,2,越川康晴,61,chudo,new,0,true
16,2,上田英俊,61,ldp,current,2,true
16,3,山本圭太,41,dpfp,new,0,true
16,3,坂本洋史,55,jcp,new,0,false
16,3,橘慶一郎,65,ldp,current,6,true
16,3,直原美和子,41,sansei,new,0,false
17,1,小森卓郎,55,ldp,current,2,true
17,1,小竹凱,27,dpfp,current,1,true
17,1,小林誠,49,ishin,new,0,true
17,1,川裕一郎,54,sansei,new,0,true
17,1,村田茂,63,jcp,new,0,false
17,2,佐々木紀,51,ldp,current,5,true
17,2,坂本浩,62,jcp,new,0,false
17,3,西田昭二,56,ldp,current,3,true
17,3,南章治,70,jcp,new,0,false
17,3,近藤和也,52,chudo,current,4,true
18,1,山中俊祐,42,dpfp,new,0,true
18,1,藤本一希,29,sansei,new,0,true
18,1,稲田朋美,66,ldp,current,7,true
18,1,波多野翼,41,chudo,current,1,true
18,2,斉木武志,51,independent,current,3,false
18,2,辻英之,55,chudo,current,1,true
19,1,中島克仁,58,chudo,current,5,true
19,1,鈴木大介,51,sansei,new,0,false
19,1,田中星那,35,jcp,new,0,false
19,1,中谷真一,49,ldp,current,5,true
19,2,早田記史,42,jcp,new,0,false
19,2,堀内詔子,60,ldp,current,5,true
20,1,若狭清史,45,ishin,new,0,true
20,1,篠原孝,77,chudo,current,8,true
20,1,若林健太,62,ldp,former,1,true
20,2,手塚大輔,43,ishin,new,0,true
20,2,下条みつ,70,chudo,current,6,true
20,2,竹下博善,43,sansei,new,0,false
20,2,藤田ひかる,35,ldp,new,0,true
20,3,山口孝司,61,reiwa,new,0,false
20,3,井出庸生,48,ldp,current,5,true
20,3,仁科裕貴,28,sansei,new,0,false
20,3,神津健,49,chudo,current,2,true
20,4,武田良介,46,jcp,new,0,false
20,4,後藤茂之,70,ldp,current,8,true
20,4,花岡明久,46,dpfp,new,0,true
20,5,宮下一郎,67,ldp,current,7,true
20,5,福田淳太,32,chudo,current,1,true
21,1,服部学,54,chudo,new,0,true
21,1,野田聖子,65,ldp,incumbent,11,true
21,1,波多野純子,43,jcp,new,0,false
21,1,成井まゆ子,42,sansei,new,0,false
21,2,棚橋泰文,62,ldp,incumbent,10,true
21,2,伊藤あゆみ,55,independent,new,0,false
21,2,塚原雅也,34,sansei,new,0,false
21,2,唐沢理恵,63,independent,new,0,false
21,2,野村美穂,56,dpfp,new,0,true
21,3,武藤容治,70,ldp,incumbent,6,true
21,3,仙田晃宏,43,dpfp,incumbent,1,true
21,3,阪口直人,62,reiwa,incumbent,3,true
21,3,伊藤恵介,47,sansei,new,0,true
21,4,今井雅人,63,chudo,incumbent,5,true
21,4,曽我雄介,37,sansei,new,0,false
21,4,加藤大博,46,ldp,new,0,true
21,5,真野哲,64,chudo,incumbent,1,true
21,5,吉田企貴,38,dpfp,new,0,true
21,5,古屋圭司,73,ldp,incumbent,12,false
21,5,山田良司,65,ishin,former,1,true
22,1,鈴木節子,71,jcp,new,0,false
22,1,柴田将平,36,dpfp,new,0,true
22,1,上川陽子,72,ldp,incumbent,8,true
22,2,鈴木岳幸,52,chudo,incumbent,1,true
22,2,井林辰憲,49,ldp,incumbent,5,true
22,3,山本裕三,43,ldp,new,0,true
22,3,中橋辰也,38,sansei,new,0,false
22,3,竹村真弓,68,jcp,new,0,false
22,3,小山展弘,50,chudo,incumbent,4,true
22,4,深沢陽一,49,ldp,incumbent,3,true
22,4,鈴木智,56,reiwa,new,0,true
22,4,高田晃宏,51,sansei,new,0,true
22,4,田中健,48,dpfp,incumbent,2,true
22,5,中村正善,67,chudo,new,0,true
22,5,細野豪志,54,ldp,incumbent,9,true
22,5,下山一美,72,jcp,new,0,false
22,6,輦止保教,52,sansei,new,0,false
22,6,勝俣孝明,49,ldp,incumbent,5,true
22,6,渡辺周,64,chudo,incumbent,10,true
22,7,北野谷富子,41,dpfp,new,0,true
22,7,袴田サヤカ,49,sansei,new,0,false
22,7,城内実,60,ldp,incumbent,7,true
22,8,稲葉大輔,51,ldp,new,0,true
22,8,村田優哉,27,jcp,new,0,false
22,8,神田綾乃,52,sansei,new,0,false
22,8,源馬謙太郎,53,chudo,incumbent,3,true
23,1,熊田裕通,61,ldp,former,4,true
23,1,吉田統彦,51,chudo,former,3,true
23,1,河村たかし,77,genzei,incumbent,6,true
23,1,近田茜,33,sansei,new,0,false
23,2,酒井健太朗,40,jcp,new,0,false
23,2,辻秀樹,50,ldp,new,0,true
23,2,梅村忠司,69,genzei,new,0,true
23,2,古川元久,60,dpfp,incumbent,10,true
23,3,柴田民雄,60,jcp,new,0,false
23,3,水野良彦,52,ldp,new,0,true
23,3,皆川雅一,44,ishin,new,0,true
23,3,平岩征樹,46,genzei,incumbent,1,true
23,3,近藤昭一,67,chudo,incumbent,10,true
23,4,志村康博,53,genzei,new,0,true
23,4,高橋祐介,47,jcp,new,0,false
23,4,中田千代,58,ishin,new,0,true
23,4,牧義夫,68,chudo,incumbent,8,true
23,4,工藤彰三,61,ldp,incumbent,5,true
23,4,魚住佳奈,43,sansei,new,0,false
23,5,神田憲次,62,independent,former,4,false
23,5,田中克和,41,genzei,new,0,true
23,5,渡辺藍理,43,sansei,new,0,true
23,5,岡本康宏,43,ldp,new,0,true
23,5,西川厚志,56,chudo,incumbent,1,true
23,5,江上博之,71,jcp,new,0,false
23,6,大西雅人,30,shamin,new,0,true
23,6,橋本勉,72,genzei,former,1,true
23,6,国崎信江,56,chudo,new,0,true
23,6,春日舞,38,sansei,new,0,false
23,6,丹羽秀樹,53,ldp,incumbent,7,true
23,7,鈴木弘一,51,jcp,new,0,false
23,7,鈴木淳司,67,ldp,former,6,true
23,7,日野紗里亜,38,dpfp,incumbent,1,true
23,8,伴野豊,65,chudo,incumbent,7,true
23,8,伊藤忠彦,61,ldp,incumbent,6,true
23,8,中川健一,56,hoshuto,new,0,true
23,9,浦上奈々,25,ishin,new,0,true
23,9,伊藤恵子,72,jcp,new,0,false
23,9,長坂康正,68,ldp,incumbent,5,true
23,9,岡本充功,54,chudo,incumbent,6,true
23,9,加藤泰稚,27,sansei,new,0,false
23,10,若山慎司,52,ldp,incumbent,1,true
23,10,杉本和巳,65,ishin,incumbent,5,true
23,10,三嶋竜平,47,dpfp,new,0,true
23,10,山内遼平,29,sansei,new,0,true
23,10,藤原規真,47,chudo,incumbent,1,true
23,11,丹野みどり,52,dpfp,incumbent,1,true
23,11,藤沢忠盛,54,ldp,new,0,true
23,12,重徳和彦,55,chudo,incumbent,5,true
23,12,青山周平,48,ldp,former,4,true
23,12,中川博登,47,sansei,new,0,true
23,13,大西健介,54,chudo,incumbent,6,true
23,13,牛田清博,67,jcp,new,0,false
23,13,石井拓,60,ldp,former,1,true
23,14,浅尾大輔,55,jcp,new,0,false
23,14,大嶽理恵,48,chudo,incumbent,1,true
23,14,今枝宗一郎,41,ldp,incumbent,5,true
23,15,関健一郎,47,ishin,former,1,true
23,15,小山千帆,50,chudo,incumbent,1,true
23,15,根本幸典,60,ldp,incumbent,5,true
23,15,鈴木勝裕,39,sansei,new,0,false
23,15,辻恵,77,reiwa,former,2,true
23,15,竹上裕子,65,genzei,incumbent,1,true
23,16,渡辺信江,42,sansei,new,0,false
23,16,前田雄吉,66,genzei,former,3,true
23,16,山下史守朗,50,ldp,new,0,true
23,16,松田功,58,chudo,incumbent,2,true
23,16,福田徹,43,dpfp,incumbent,1,true
24,1,田村憲久,61,ldp,incumbent,10,true
24,1,出口洋介,36,jcp,new,0,false
24,1,福森和歌子,56,chudo,incumbent,1,true
24,2,水谷幸泰,52,sansei,new,0,true
24,2,下野幸助,49,chudo,incumbent,1,true
24,2,川崎秀人,44,ldp,incumbent,2,true
24,3,岡田克也,72,chudo,incumbent,12,false
24,3,新谷恵,44,sansei,new,0,true
24,3,衣笠民子,63,jcp,new,0,false
24,3,伊藤昌志,56,hoshuto,new,0,true
24,3,石原正敬,54,ldp,former,1,true
24,4,鈴木英敬,51,ldp,incumbent,2,true
24,4,藤田大助,49,dpfp,former,1,true
24,4,中川民英,58,jcp,new,0,false
25,1,黄野瀬明子,42,jcp,new,0,false
25,1,大岡敏孝,53,ldp,incumbent,5,true
25,1,斎藤アレックス,40,ishin,incumbent,2,true
25,1,河井昭成,52,dpfp,new,0,true
25,2,岡屋京佑,33,ishin,new,0,true
25,2,上野賢一郎,60,ldp,incumbent,6,true
25,2,平尾道雄,75,chudo,new,0,true
25,3,伊吹裕,47,jcp,new,0,false
25,3,北野裕子,40,sansei,incumbent,1,false
25,3,早智敬,51,chudo,new,0,true
25,3,安持成美,37,reiwa,new,0,false
25,3,出路真吾,43,ishin,new,0,true
25,3,武村展英,54,ldp,incumbent,5,true
26,1,堀場幸子,46,mirai,former,1,true
26,1,勝目康,51,ldp,incumbent,2,true
26,1,平竹耕三,67,chudo,new,0,true
26,1,谷口青人,47,sansei,new,0,false
26,1,桂隆俊,53,dpfp,new,0,true
26,1,鎌野敏徳,61,jcp,new,0,false
26,1,佐々木隆吏,43,ishin,new,0,true
26,1,浜田聡,48,shoha,new,0,false
26,2,藤田洋司,46,ldp,new,0,true
26,2,辻村千尋,58,reiwa,new,0,false
26,2,堀川朗子,39,jcp,incumbent,1,true
26,2,河野有里子,28,chudo,new,0,true
26,2,酒井勇輔,29,mirai,new,0,true
26,2,前原誠司,63,ishin,incumbent,11,true
26,3,樋口智,55,sansei,new,0,false
26,3,木村元紀,47,ishin,new,0,true
26,3,西山頌秀,39,jcp,new,0,false
26,3,繁本護,53,ldp,former,1,true
26,3,泉健太,51,chudo,incumbent,9,true
26,4,吉田幸一,51,jcp,new,0,false
26,4,北神圭朗,59,ldp,incumbent,5,true
26,5,本田太郎,52,ldp,incumbent,3,true
26,5,山内健,58,jcp,new,0,false
26,6,大奈,57,sansei,new,0,false
26,6,山井和則,64,chudo,incumbent,9,true
26,6,上條亮一,39,jcp,new,0,false
26,6,園崎弘道,45,ldp,new,0,true
27,1,井上英孝,54,ishin,incumbent,5,false
27,1,竹内祥倫,44,jcp,new,0,false
27,1,中村由紀,44,sansei,new,0,false
27,1,塩野智郎,47,dpfp,new,0,true
27,1,大西宏幸,58,ldp,former,2,true
27,2,小川陽太,48,jcp,new,0,false
27,2,石橋篤史,47,sansei,new,0,false
27,2,守島正,44,independent,incumbent,2,false
27,2,高見亮,47,ishin,new,0,true
27,3,柳本顕,52,ldp,former,1,true
27,3,東徹,59,ishin,incumbent,1,true
27,3,渡部結,44,jcp,new,0,false
27,3,山室貴史,34,sansei,new,0,false
27,3,宇都宮優子,49,chudo,new,0,true
27,4,中山泰秀,55,ldp,former,5,true
27,4,橋口和矢,56,shoha,new,0,false
27,4,藤田美季,59,sansei,new,0,false
27,4,岡本忠志,58,dpfp,new,0,true
27,4,山田みのり,49,jcp,new,0,false
27,4,美延映夫,64,ishin,incumbent,3,true
27,5,梅村聡,50,ishin,incumbent,1,true
27,5,大石晃子,48,reiwa,incumbent,2,true
27,5,前田英倫,51,dpfp,new,0,true
27,5,松山恵子,52,sansei,new,0,false
27,5,湊隆介,42,jcp,new,0,false
27,5,杉田水脈,58,ldp,former,3,true
27,6,亀井淳,68,jcp,new,0,false
27,6,西田薫,58,ishin,incumbent,1,true
27,6,月足舞子,35,sansei,new,0,false
27,6,永井正史,48,ldp,new,0,true
27,6,阪本洋三,64,chudo,new,0,true
27,7,川添健真,43,jcp,new,0,false
27,7,石川勝,57,sansei,new,0,true
27,7,奥下剛光,50,ishin,incumbent,2,true
27,7,渡嘉敷奈緒美,63,ldp,former,4,true
27,8,平川節代,77,jcp,new,0,false
27,8,高麗啓一郎,45,ldp,new,0,true
27,8,佐藤潤,50,dpfp,new,0,true
27,8,漆間譲司,51,ishin,incumbent,2,true
27,8,榊原美礼,49,sansei,new,0,false
27,9,西尾慧吾,27,shamin,new,0,true
27,9,萩原佳,48,ishin,incumbent,1,true
27,9,東田淳平,43,ldp,new,0,true
27,10,池下卓,50,ishin,incumbent,2,true
27,10,尾辻かな子,51,chudo,incumbent,2,true
27,10,加納陽之助,45,ldp,new,0,true
27,10,井上誠也,29,sansei,new,0,false
27,11,山岡智美,52,sansei,new,0,false
27,11,村上賀厚,66,chudo,new,0,true
27,11,松本直高,53,ldp,new,0,true
27,11,中司宏,69,ishin,incumbent,2,true
27,11,北尾学,56,jcp,new,0,false
27,12,太田徹,57,jcp,new,0,false
27,12,藤田文武,45,ishin,incumbent,3,false
27,12,樽床伸二,66,chudo,former,6,true
27,12,北川晋平,38,ldp,new,0,true
27,13,宗清皇一,55,ldp,former,3,true
27,13,宝井晃美,62,jcp,new,0,false
27,13,八幡愛,38,reiwa,incumbent,1,true
27,13,本多平直,61,chudo,former,3,true
27,13,岩谷良平,45,ishin,incumbent,2,true
27,13,立岡昭是,32,sansei,new,0,false
27,14,内藤耕一,51,jcp,new,0,false
27,14,尾立源幸,62,ldp,new,0,true
27,14,青柳仁士,47,ishin,incumbent,2,true
27,15,島田智明,56,ldp,incumbent,1,true
27,15,平山貴士,52,jcp,new,0,false
27,15,浦野靖人,52,ishin,incumbent,5,true
27,16,葉田治央,46,ldp,new,0,true
27,16,黒田征樹,46,ishin,incumbent,1,true
27,16,森山浩行,54,chudo,incumbent,4,true
27,16,池上和日子,41,sansei,new,0,true
27,17,井上光吉,79,jcp,new,0,false
27,17,東本和美,49,sansei,new,0,false
27,17,信貴麻美,38,ldp,new,0,true
27,17,馬場伸幸,61,ishin,incumbent,5,false
27,18,馬場英樹,53,jcp,new,0,false
27,18,内田隆嗣,47,ldp,new,0,true
27,18,遠藤敬,57,ishin,incumbent,5,true
27,19,谷川とむ,49,ldp,former,3,true
27,19,北村みき,59,jcp,new,0,false
27,19,松岡能礼,31,sansei,new,0,false
27,19,小羽根正代,55,chudo,new,0,true
27,19,伊東信久,62,ishin,incumbent,4,true
28,1,藤末浩美,65,jcp,new,0,false
28,1,原弥彦,43,sansei,new,0,false
28,1,井坂信彦,51,chudo,incumbent,4,true
28,1,盛山正仁,72,ldp,former,5,true
28,1,一谷勇一郎,51,ishin,former,1,true
28,2,井村弘子,79,jcp,new,0,false
28,2,船川治郎,58,chudo,new,0,true
28,2,阿部圭史,39,ishin,incumbent,1,true
28,2,坊恭寿,58,independent,new,0,false
28,3,向山好一,68,dpfp,incumbent,2,true
28,3,加藤健二,66,jcp,new,0,false
28,3,関芳弘,60,ldp,incumbent,6,true
28,3,和田有一朗,61,ishin,incumbent,2,true
28,4,日比優子,66,jcp,new,0,false
28,4,中山高志,54,chudo,new,0,true
28,4,藤井比早之,54,ldp,incumbent,5,true
28,5,遠藤良太,41,ishin,former,1,true
28,5,谷公一,74,ldp,incumbent,8,false
28,5,川戸康嗣,50,chudo,new,0,true
28,5,村岡峰男,77,jcp,new,0,false
28,5,高橋秀彰,43,shoha,new,0,false
28,6,谷浩一郎,44,sansei,new,0,true
28,6,吉見秋彦,51,jcp,new,0,false
28,6,市村浩一郎,61,ishin,incumbent,5,true
28,6,大串正樹,60,ldp,incumbent,5,true
28,6,桜井周,55,chudo,incumbent,3,true
28,7,山田賢司,59,ldp,incumbent,5,true
28,7,酒井遼,25,sansei,new,0,false
28,7,平野貞雄,69,jcp,new,0,false
28,7,岡田悟,42,chudo,incumbent,1,true
28,7,三木圭恵,59,ishin,incumbent,3,true
28,8,青山繁晴,73,ldp,new,0,false
28,8,弘川欣絵,50,chudo,new,0,true
28,8,板東正恵,45,jcp,new,0,false
28,8,徳安淳子,64,ishin,incumbent,1,true
28,8,長谷川羽衣子,44,reiwa,new,0,true
28,9,山寺崇仁,53,sansei,new,0,false
28,9,西村康稔,63,ldp,incumbent,8,true
28,9,橋本慧悟,37,chudo,incumbent,1,true
28,9,伊藤和貴,73,jcp,new,0,false
28,10,渡海紀三朗,77,ldp,incumbent,11,false
28,10,藤原誠也,37,sansei,new,0,false
28,10,奥田芙美代,60,jcp,new,0,false
28,10,隠樹圭子,54,chudo,new,0,true
28,10,掘井健智,59,ishin,former,1,true
28,11,苦瓜一成,72,jcp,new,0,false
28,11,山下聖,41,sansei,new,0,false
28,11,住吉寛紀,41,ishin,former,1,true
28,11,中原立貴,35,dpfp,new,0,true
28,11,山田基靖,43,ldp,new,0,true
28,12,池畑浩太朗,51,ishin,incumbent,2,true
28,12,山口壮,71,ldp,incumbent,8,true
28,12,太田清幸,70,jcp,new,0,false
29,1,小林茂樹,61,ldp,incumbent,4,true
29,1,谷川和広,47,jcp,new,0,false
29,1,馬淵澄夫,65,chudo,incumbent,8,true
29,1,黒川洋司,54,sansei,new,0,true
29,1,杉本葵,34,dpfp,new,0,true
29,2,高市早苗,64,ldp,incumbent,10,false
29,2,池田英子,59,jcp,new,0,false
29,3,太田敦,54,jcp,new,0,false
29,3,原山大亮,49,ishin,new,0,true
29,3,八木宏昌,65,independent,new,0,false
29,3,田野瀬太道,51,ldp,incumbent,5,true
30,1,山本大地,34,ldp,incumbent,1,true
30,1,林元政子,51,sansei,new,0,true
30,1,前久,69,jcp,new,0,false
30,1,要友紀子,49,chudo,new,0,true
30,1,林佑美,44,dpfp,incumbent,2,true
30,1,浦平美博,54,ishin,new,0,true
30,1,正司武,75,shoha,new,0,false
30,2,世耕弘成,63,independent,incumbent,1,false
30,2,畑野良弘,65,jcp,new,0,false
31,1,塚田成幸,62,jcp,new,0,false
31,1,豊哲也,47,sansei,new,0,true
31,1,谷川裕美,51,dpfp,new,0,true
31,1,石破茂,69,ldp,incumbent,13,true
31,2,福住英行,50,jcp,new,0,false
31,2,湯原俊二,63,chudo,former,2,true
31,2,赤沢亮正,65,ldp,incumbent,7,true
32,1,亀井亜紀子,60,chudo,incumbent,3,true
32,1,伊藤礼司,42,sansei,new,0,false
32,1,村穂江利子,57,jcp,new,0,false
32,1,高階恵美子,62,ldp,former,1,true
32,2,倉井克幸,43,sansei,new,0,true
32,2,大塚聡子,58,chudo,new,0,true
32,2,高見康裕,45,ldp,incumbent,2,true
32,2,亀谷優子,39,jcp,new,0,false
33,1,山本安音,26,sansei,new,0,false
33,1,住寄聡美,42,jcp,new,0,false
33,1,原紘志,44,dpfp,new,0,true
33,1,原田謙介,39,chudo,new,0,true
33,1,逢沢一郎,71,ldp,incumbent,13,true
33,2,山下貴司,60,ldp,incumbent,5,true
33,2,余江雪央,48,jcp,new,0,false
33,2,津村啓介,54,chudo,incumbent,7,true
33,2,徳永多真美,35,sansei,new,0,false
33,3,加藤勝信,70,ldp,incumbent,8,true
33,3,原田亜希子,53,jcp,new,0,false
33,4,橋本岳,52,ldp,former,5,true
33,4,柚木道義,53,chudo,incumbent,7,true
33,4,三宅沙侑美,35,dpfp,new,0,true
33,4,垣内雄一,61,jcp,new,0,false34,1,山田肇,36,sansei,new,0,true
34,1,産原稔文,58,independent,new,0,false
34,1,川田海栄,28,chudo,new,0,true
34,1,中原剛,69,jcp,new,0,false
34,1,岸田文雄,68,ldp,incumbent,11,true
34,1,黒木貞彦,83,independent,new,0,false
34,1,楾大樹,50,reiwa,new,0,true
34,2,平口洋,77,ldp,incumbent,6,false
34,2,佐藤由紀子,50,sansei,new,0,false
34,2,福田玄,44,dpfp,incumbent,1,true
34,2,岡田博美,66,jcp,new,0,false
34,3,玉田憲勲,68,independent,new,0,false
34,3,東克哉,44,chudo,incumbent,1,true
34,3,田中淳子,41,sansei,new,0,false
34,3,石橋林太郎,47,ldp,incumbent,2,true
34,3,高松史子,58,jcp,new,0,false
34,4,新谷正義,50,ldp,incumbent,5,true
34,4,空本誠喜,61,ishin,incumbent,3,false
34,4,鍋島勢理,34,dpfp,new,0,true
34,5,山本深,40,ldp,new,0,true
34,5,佐藤公治,66,chudo,incumbent,5,true
34,5,猪原真弓,65,jcp,new,0,false
34,6,高木武志,74,jcp,new,0,false
34,6,小林史明,42,ldp,incumbent,5,true
34,6,はたともこ,59,chudo,new,0,true
35,1,山崎珠江,47,sansei,new,0,true
35,1,野田陽志,49,dpfp,new,0,true
35,1,高村正大,55,ldp,incumbent,3,true
35,2,平岡秀夫,72,chudo,incumbent,6,true
35,2,岸信千世,34,ldp,incumbent,2,true
35,3,林芳正,65,ldp,incumbent,2,true
35,3,篠田知宏,56,chudo,new,0,true
35,3,伊藤博文,57,ishin,new,0,true
35,3,吹上政子,70,jcp,new,0,false
35,3,島村薫,50,sansei,new,0,true
36,1,吉田知代,50,ishin,former,1,true
36,1,仁木博文,59,ldp,incumbent,3,true
36,1,高橋永,50,chudo,incumbent,1,true
36,1,亀井千春,50,sansei,new,0,false
36,2,山口俊一,75,ldp,incumbent,12,false
36,2,浜共生,44,jcp,new,0,false
36,2,飯泉嘉門,65,dpfp,new,0,true
36,2,北島一人,54,independent,new,0,false
37,1,小川淳也,54,chudo,incumbent,7,true
37,1,平井卓也,68,ldp,incumbent,9,true
37,1,道川和樹,30,sansei,new,0,false
37,1,長尾真希,37,jcp,new,0,false
37,2,玉木雄一郎,56,dpfp,incumbent,6,false
37,2,瀬戸隆一,60,ldp,incumbent,4,true
37,2,秋山友理子,41,sansei,new,0,false
37,3,川崎智光,44,dpfp,new,0,true
37,3,大野敬太郎,57,ldp,incumbent,5,true
37,3,細川修平,51,ishin,new,0,true
38,1,篠藤愛,36,sansei,new,0,false
38,1,塩崎彰久,49,ldp,incumbent,2,true
38,1,和田宰,73,jcp,new,0,false
38,1,石井智恵,58,dpfp,incumbent,1,true
38,2,井原巧,62,ldp,former,1,true
38,2,原田慎太郎,36,sansei,new,0,true
38,2,白石洋一,62,chudo,incumbent,4,true
38,3,長谷川淳二,57,ldp,incumbent,2,true
38,3,萩原旭人,40,chudo,new,0,true
38,3,西井直人,68,jcp,new,0,false
39,1,金城幹泰,43,sansei,new,0,true
39,1,中谷元,68,ldp,incumbent,12,true
39,1,田所裕介,45,chudo,new,0,true
39,2,浜川百合子,46,jcp,new,0,false
39,2,尾崎正直,58,ldp,incumbent,2,true
39,2,前田強,42,dpfp,new,0,true
40,1,井上貴博,63,ldp,incumbent,5,true
40,1,岩本義孝,57,jcp,new,0,false
40,1,山本剛正,54,ishin,former,2,true
40,1,丸尾圭祐,43,chudo,incumbent,1,true
40,1,吉富景子,37,sansei,new,0,false
40,2,貫洞基裕,45,jcp,new,0,false
40,2,鬼木誠,53,ldp,incumbent,5,true
40,2,稲富修二,55,chudo,incumbent,4,true
40,2,木下敏之,65,sansei,new,0,true
40,3,原賀瞳,29,jcp,new,0,false
40,3,仁戸田元気,46,chudo,new,0,true
40,3,古賀篤,53,ldp,incumbent,5,true
40,3,天野浩,39,ishin,new,0,true
40,4,許斐亮太郎,52,dpfp,incumbent,1,true
40,4,原田祐一,52,sansei,new,0,false
40,4,宮内秀樹,63,ldp,incumbent,5,true
40,5,川元健一,46,dpfp,new,0,true
40,5,岡部吉高,43,sansei,new,0,false
40,5,栗原渉,60,ldp,incumbent,1,true
40,5,那須敬子,66,shamin,new,0,true
40,6,近藤雅彦,51,dpfp,new,0,true
40,6,鳩山二郎,47,ldp,incumbent,4,true
40,6,河野一弘,53,jcp,new,0,false
40,7,藤丸敏,66,ldp,incumbent,5,true
40,7,亀田晃尚,54,chudo,new,0,true
40,8,麻生太郎,85,ldp,incumbent,15,false
40,8,森田俊文,62,independent,new,0,false
40,8,沖園理恵,51,reiwa,new,0,false
40,9,山田博敏,64,jcp,new,0,false
40,9,三原朝利,48,ldp,new,0,true
40,9,大塚弘尊,32,dpfp,new,0,true
40,9,緒方林太郎,53,independent,incumbent,4,false
40,10,大石仁人,40,independent,new,0,false
40,10,熊本要,28,sansei,new,0,false
40,10,城井崇,52,chudo,incumbent,5,true
40,10,古賀邦俊,71,jcp,new,0,false
40,10,吉村悠,40,ldp,new,0,true
40,11,辻智之,36,chudo,new,0,true
40,11,武田良太,57,ldp,former,7,true
40,11,志岐玲子,72,shamin,new,0,true
40,11,井上直生,44,sansei,new,0,false
40,11,村上智信,56,ishin,incumbent,1,true
41,1,原口一博,66,genzei,incumbent,10,true
41,1,岩田和親,52,ldp,incumbent,5,true
41,1,重松貴美,36,sansei,new,0,true
41,2,古川康,67,ldp,incumbent,4,true
41,2,大串博志,60,chudo,incumbent,7,true
42,1,内田隆英,70,jcp,new,0,false
42,1,松石宗平,50,sansei,new,0,false
42,1,浅田真澄美,59,ldp,new,0,true
42,1,山田博司,55,ishin,new,0,true
42,1,西岡秀子,61,dpfp,incumbent,3,true
42,2,山田勝彦,46,chudo,incumbent,3,true
42,2,高木聡子,44,sansei,new,0,false
42,2,加藤竜祥,45,ldp,incumbent,2,true
42,3,金子容三,43,ldp,incumbent,2,true
42,3,田崎耕太,43,chudo,new,0,true
43,1,山口誠太郎,36,sansei,new,0,false
43,1,木原稔,56,ldp,incumbent,6,true
43,1,鎌田聡,61,chudo,new,0,true
43,2,益田牧子,75,jcp,new,0,false
43,2,西野太亮,47,ldp,incumbent,2,true
43,2,前田智徳,47,sansei,new,0,false
43,3,坂本哲志,75,ldp,incumbent,8,false
43,3,橋村りか,53,shamin,new,0,true
43,3,霍田和佳,39,sansei,new,0,false
43,4,上田至,49,dpfp,new,0,true
43,4,矢上雅義,65,ishin,former,3,true
43,4,植田貴俊,41,sansei,new,0,false
43,4,本村久美子,68,jcp,new,0,false
43,4,金子恭之,64,ldp,incumbent,9,true
44,1,堤淳太,47,dpfp,new,0,true
44,1,衛藤博昭,46,ldp,new,0,true
44,1,野中しんすけ,39,sansei,new,0,true
44,1,吉良州司,67,independent,incumbent,7,false
44,1,山下魁,49,jcp,new,0,false
44,2,広瀬建,52,ldp,incumbent,1,true
44,2,吉川元,59,chudo,incumbent,5,true
44,3,野中貴恵,41,sansei,new,0,false
44,3,岩屋毅,68,ldp,incumbent,10,true
44,3,小林華弥子,58,chudo,new,0,true
44,3,平野雨龍,32,independent,new,0,false
44,3,岩永京子,64,hoshuto,new,0,true
45,1,横田朋大,38,ishin,new,0,true
45,1,滋井邦晃,43,sansei,new,0,true
45,1,武井俊輔,50,ldp,former,4,true
45,1,渡辺創,48,chudo,incumbent,2,true
45,2,白江好友,37,jcp,new,0,false
45,2,江藤拓,65,ldp,incumbent,8,true
45,2,長友慎治,48,dpfp,incumbent,2,true
45,3,高瀬大介,43,sansei,new,0,false
45,3,古川禎久,60,ldp,incumbent,8,true
46,1,宮路拓馬,46,ldp,incumbent,4,true
46,1,牧野俊一,40,sansei,new,0,false
46,1,小山慎之介,42,jcp,new,0,false
46,1,川内博史,64,chudo,incumbent,8,true
46,2,高橋徳美,56,sansei,new,0,false
46,2,松崎真琴,67,jcp,new,0,false
46,2,三反園訓,67,ldp,incumbent,2,true
46,3,野間健,67,chudo,incumbent,4,true
46,3,小里泰弘,67,ldp,former,6,true
46,4,桐原郁生,57,sansei,new,0,false
46,4,中村寿,59,dpfp,new,0,true
46,4,伊藤周平,65,shamin,new,0,true
46,4,森山裕,80,ldp,incumbent,8,false
47,1,山川泰博,55,ishin,new,0,true
47,1,和田知久,66,sansei,new,0,false
47,1,赤嶺政賢,78,jcp,incumbent,9,true
47,1,国場幸之助,53,ldp,incumbent,5,true
47,1,中島万穂,46,independent,new,0,false
47,2,瑞慶覧長敏,67,shamin,former,1,true
47,2,新垣邦男,69,chudo,incumbent,2,true
47,2,宮崎政久,60,ldp,incumbent,5,true
47,2,吉田悠里,40,sansei,new,0,false
47,2,比嘉隆,48,independent,new,0,false
47,3,仲間暁子,42,sansei,new,0,false
47,3,島尻安伊子,60,ldp,incumbent,2,true
47,3,屋良朝博,63,chudo,incumbent,3,true
47,4,崎枝裕次,44,dpfp,new,0,true
47,4,西銘恒三郎,71,ldp,incumbent,7,true
47,4,砥板芳行,56,chudo,new,0,true
47,4,山川仁,51,reiwa,incumbent,1,true
