選挙区,都道府県,都道府県コード,区番号,課題1,課題1_優先度,課題1_有利政党,課題2,課題2_優先度,課題2_有利政党,課題3,課題3_優先度,課題3_有利政党,優先度_経済,優先度_社会保障,優先度_安全保障,優先度_教育,優先度_環境,優先度_地方創生,優先度_憲法改正,優先度_防災,地域固有要因
北海道1区,北海道,1,1,農業・一次産業振興,0.25,自民党、国民民主党,人口減少・過疎化対策,0.2,自民党、立憲民主党,観光産業振興,0.15,自民党、日本維新の会,0.25,0.2,0.1,0.08,0.07,0.2,0.03,0.07,アイヌ民族関連政策、北方領土問題、冬季の交通インフラ維持、JR北海道の路線廃止問題、酪農業の経営危機
北海道2区,北海道,1,2,農業・一次産業振興,0.25,自民党、国民民主党,人口減少・過疎化対策,0.2,自民党、立憲民主党,観光産業振興,0.15,自民党、日本維新の会,0.25,0.2,0.1,0.08,0.07,0.2,0.03,0.07,アイヌ民族関連政策、北方領土問題、冬季の交通インフラ維持、JR北海道の路線廃止問題、酪農業の経営危機
北海道3区,北海道,1,3,農業・一次産業振興,0.25,自民党、国民民主党,人口減少・過疎化対策,0.2,自民党、立憲民主党,観光産業振興,0.15,自民党、日本維新の会,0.25,0.2,0.1,0.08,0.07,0.2,0.03,0.07,アイヌ民族関連政策、北方領土問題、冬季の交通インフラ維持、JR北海道の路線廃止問題、酪農業の経営危機
北海道4区,北海道,1,4,農業・一次産業振興,0.25,自民党、国民民主党,人口減少・過疎化対策,0.2,自民党、立憲民主党,観光産業振興,0.15,自民党、日本維新の会,0.25,0.2,0.1,0.08,0.07,0.2,0.03,0.07,アイヌ民族関連政策、北方領土問題、冬季の交通インフラ維持、JR北海道の路線廃止問題、酪農業の経営危機
北海道5区,北海道,1,5,農業・一次産業振興,0.25,自民党、国民民主党,人口減少・過疎化対策,0.2,自民党、立憲民主党,観光産業振興,0.15,自民党、日本維新の会,0.25,0.2,0.1,0.08,0.07,0.2,0.03,0.07,アイヌ民族関連政策、北方領土問題、冬季の交通インフラ維持、JR北海道の路線廃止問題、酪農業の経営危機
北海道6区,北海道,1,6,農業・一次産業振興,0.25,自民党、国民民主党,人口減少・過疎化対策,0.2,自民党、立憲民主党,観光産業振興,0.15,自民党、日本維新の会,0.25,0.2,0.1,0.08,0.07,0.2,0.03,0.07,アイヌ民族関連政策、北方領土問題、冬季の交通インフラ維持、JR北海道の路線廃止問題、酪農業の経営危機
北海道7区,北海道,1,7,農業・一次産業振興,0.25,自民党、国民民主党,人口減少・過疎化対策,0.2,自民党、立憲民主党,観光産業振興,0.15,自民党、日本維新の会,0.25,0.2,0.1,0.08,0.07,0.2,0.03,0.07,アイヌ民族関連政策、北方領土問題、冬季の交通インフラ維持、JR北海道の路線廃止問題、酪農業の経営危機
北海道8区,北海道,1,8,農業・一次産業振興,0.25,自民党、国民民主党,人口減少・過疎化対策,0.2,自民党、立憲民主党,観光産業振興,0.15,自民党、日本維新の会,0.25,0.2,0.1,0.08,0.07,0.2,0.03,0.07,アイヌ民族関連政策、北方領土問題、冬季の交通インフラ維持、JR北海道の路線廃止問題、酪農業の経営危機
北海道9区,北海道,1,9,農業・一次産業振興,0.25,自民党、国民民主党,人口減少・過疎化対策,0.2,自民党、立憲民主党,観光産業振興,0.15,自民党、日本維新の会,0.25,0.2,0.1,0.08,0.07,0.2,0.03,0.07,アイヌ民族関連政策、北方領土問題、冬季の交通インフラ維持、JR北海道の路線廃止問題、酪農業の経営危機
北海道10区,北海道,1,10,農業・一次産業振興,0.25,自民党、国民民主党,人口減少・過疎化対策,0.2,自民党、立憲民主党,観光産業振興,0.15,自民党、日本維新の会,0.25,0.2,0.1,0.08,0.07,0.2,0.03,0.07,アイヌ民族関連政策、北方領土問題、冬季の交通インフラ維持、JR北海道の路線廃止問題、酪農業の経営危機
北海道11区,北海道,1,11,農業・一次産業振興,0.25,自民党、国民民主党,人口減少・過疎化対策,0.2,自民党、立憲民主党,観光産業振興,0.15,自民党、日本維新の会,0.25,0.2,0.1,0.08,0.07,0.2,0.03,0.07,アイヌ民族関連政策、北方領土問題、冬季の交通インフラ維持、JR北海道の路線廃止問題、酪農業の経営危機
北海道12区,北海道,1,12,農業・一次産業振興,0.25,自民党、国民民主党,人口減少・過疎化対策,0.2,自民党、立憲民主党,観光産業振興,0.15,自民党、日本維新の会,0.25,0.2,0.1,0.08,0.07,0.2,0.03,0.07,アイヌ民族関連政策、北方領土問題、冬季の交通インフラ維持、JR北海道の路線廃止問題、酪農業の経営危機
青森県1区,青森県,2,1,人口減少・少子高齢化,0.25,自民党、立憲民主党,農業振興,0.2,自民党、国民民主党,核燃料サイクル施設,0.15,自民党、公明党,0.2,0.25,0.08,0.08,0.07,0.22,0.03,0.07,六ヶ所村核燃料サイクル施設、三沢米軍基地、平均寿命全国最下位問題、りんご産業への気候変動影響
青森県2区,青森県,2,2,人口減少・少子高齢化,0.25,自民党、立憲民主党,農業振興,0.2,自民党、国民民主党,核燃料サイクル施設,0.15,自民党、公明党,0.2,0.25,0.08,0.08,0.07,0.22,0.03,0.07,六ヶ所村核燃料サイクル施設、三沢米軍基地、平均寿命全国最下位問題、りんご産業への気候変動影響
青森県3区,青森県,2,3,人口減少・少子高齢化,0.25,自民党、立憲民主党,農業振興,0.2,自民党、国民民主党,核燃料サイクル施設,0.15,自民党、公明党,0.2,0.25,0.08,0.08,0.07,0.22,0.03,0.07,六ヶ所村核燃料サイクル施設、三沢米軍基地、平均寿命全国最下位問題、りんご産業への気候変動影響
岩手県1区,岩手県,3,1,東日本大震災復興,0.25,自民党、立憲民主党、公明党,人口減少対策,0.2,自民党、立憲民主党,農林水産業振興,0.15,自民党、国民民主党,0.18,0.2,0.05,0.08,0.07,0.2,0.02,0.2,東日本大震災からの復興継続、ILC（国際リニアコライダー）誘致、小沢一郎氏の地盤としての政治風土、三陸沿岸の水産業復興
岩手県2区,岩手県,3,2,東日本大震災復興,0.25,自民党、立憲民主党、公明党,人口減少対策,0.2,自民党、立憲民主党,農林水産業振興,0.15,自民党、国民民主党,0.18,0.2,0.05,0.08,0.07,0.2,0.02,0.2,東日本大震災からの復興継続、ILC（国際リニアコライダー）誘致、小沢一郎氏の地盤としての政治風土、三陸沿岸の水産業復興
岩手県3区,岩手県,3,3,東日本大震災復興,0.25,自民党、立憲民主党、公明党,人口減少対策,0.2,自民党、立憲民主党,農林水産業振興,0.15,自民党、国民民主党,0.18,0.2,0.05,0.08,0.07,0.2,0.02,0.2,東日本大震災からの復興継続、ILC（国際リニアコライダー）誘致、小沢一郎氏の地盤としての政治風土、三陸沿岸の水産業復興
宮城県1区,宮城県,4,1,震災復興の完遂,0.22,自民党、立憲民主党、公明党,仙台一極集中の是正,0.18,自民党、立憲民主党,水産業・農業振興,0.15,自民党、国民民主党,0.2,0.22,0.05,0.1,0.05,0.18,0.03,0.17,東日本大震災の最大被災地、女川原発の再稼働問題、東北地方の拠点都市・仙台の役割、創造的復興の検証
宮城県2区,宮城県,4,2,震災復興の完遂,0.22,自民党、立憲民主党、公明党,仙台一極集中の是正,0.18,自民党、立憲民主党,水産業・農業振興,0.15,自民党、国民民主党,0.2,0.22,0.05,0.1,0.05,0.18,0.03,0.17,東日本大震災の最大被災地、女川原発の再稼働問題、東北地方の拠点都市・仙台の役割、創造的復興の検証
宮城県3区,宮城県,4,3,震災復興の完遂,0.22,自民党、立憲民主党、公明党,仙台一極集中の是正,0.18,自民党、立憲民主党,水産業・農業振興,0.15,自民党、国民民主党,0.2,0.22,0.05,0.1,0.05,0.18,0.03,0.17,東日本大震災の最大被災地、女川原発の再稼働問題、東北地方の拠点都市・仙台の役割、創造的復興の検証
宮城県4区,宮城県,4,4,震災復興の完遂,0.22,自民党、立憲民主党、公明党,仙台一極集中の是正,0.18,自民党、立憲民主党,水産業・農業振興,0.15,自民党、国民民主党,0.2,0.22,0.05,0.1,0.05,0.18,0.03,0.17,東日本大震災の最大被災地、女川原発の再稼働問題、東北地方の拠点都市・仙台の役割、創造的復興の検証
宮城県5区,宮城県,4,5,震災復興の完遂,0.22,自民党、立憲民主党、公明党,仙台一極集中の是正,0.18,自民党、立憲民主党,水産業・農業振興,0.15,自民党、国民民主党,0.2,0.22,0.05,0.1,0.05,0.18,0.03,0.17,東日本大震災の最大被災地、女川原発の再稼働問題、東北地方の拠点都市・仙台の役割、創造的復興の検証
宮城県6区,宮城県,4,6,震災復興の完遂,0.22,自民党、立憲民主党、公明党,仙台一極集中の是正,0.18,自民党、立憲民主党,水産業・農業振興,0.15,自民党、国民民主党,0.2,0.22,0.05,0.1,0.05,0.18,0.03,0.17,東日本大震災の最大被災地、女川原発の再稼働問題、東北地方の拠点都市・仙台の役割、創造的復興の検証
秋田県1区,秋田県,5,1,人口減少・少子高齢化,0.3,自民党、立憲民主党,農業振興,0.2,自民党、国民民主党,イージス・アショア跡地問題,0.1,自民党、立憲民主党,0.18,0.27,0.08,0.07,0.1,0.22,0.02,0.06,人口減少率全国ワースト、イージス・アショア配備撤回の経緯、洋上風力発電の一大拠点化構想、秋田犬・なまはげ等の文化資源活用
秋田県2区,秋田県,5,2,人口減少・少子高齢化,0.3,自民党、立憲民主党,農業振興,0.2,自民党、国民民主党,イージス・アショア跡地問題,0.1,自民党、立憲民主党,0.18,0.27,0.08,0.07,0.1,0.22,0.02,0.06,人口減少率全国ワースト、イージス・アショア配備撤回の経緯、洋上風力発電の一大拠点化構想、秋田犬・なまはげ等の文化資源活用
秋田県3区,秋田県,5,3,人口減少・少子高齢化,0.3,自民党、立憲民主党,農業振興,0.2,自民党、国民民主党,イージス・アショア跡地問題,0.1,自民党、立憲民主党,0.18,0.27,0.08,0.07,0.1,0.22,0.02,0.06,人口減少率全国ワースト、イージス・アショア配備撤回の経緯、洋上風力発電の一大拠点化構想、秋田犬・なまはげ等の文化資源活用
山形県1区,山形県,6,1,農業振興・ブランド化,0.25,自民党、国民民主党,人口減少・若者定着,0.22,自民党、立憲民主党,豪雪対策,0.12,自民党、公明党,0.22,0.23,0.05,0.08,0.07,0.22,0.03,0.1,日本有数の豪雪地帯、さくらんぼ生産量日本一、山形新幹線フル規格化の要望、出羽三山等の文化・観光資源
山形県2区,山形県,6,2,農業振興・ブランド化,0.25,自民党、国民民主党,人口減少・若者定着,0.22,自民党、立憲民主党,豪雪対策,0.12,自民党、公明党,0.22,0.23,0.05,0.08,0.07,0.22,0.03,0.1,日本有数の豪雪地帯、さくらんぼ生産量日本一、山形新幹線フル規格化の要望、出羽三山等の文化・観光資源
山形県3区,山形県,6,3,農業振興・ブランド化,0.25,自民党、国民民主党,人口減少・若者定着,0.22,自民党、立憲民主党,豪雪対策,0.12,自民党、公明党,0.22,0.23,0.05,0.08,0.07,0.22,0.03,0.1,日本有数の豪雪地帯、さくらんぼ生産量日本一、山形新幹線フル規格化の要望、出羽三山等の文化・観光資源
福島県1区,福島県,7,1,原発事故からの復興,0.3,自民党、立憲民主党、公明党,風評被害対策,0.18,自民党、立憲民主党,人口回復・地域再生,0.15,自民党、立憲民主党、公明党,0.18,0.2,0.05,0.07,0.15,0.18,0.02,0.15,福島第一原発事故と廃炉作業、ALPS処理水の海洋放出問題、帰還困難区域の段階的解除、福島イノベーション・コースト構想、原発事故被災者の長期支援
福島県2区,福島県,7,2,原発事故からの復興,0.3,自民党、立憲民主党、公明党,風評被害対策,0.18,自民党、立憲民主党,人口回復・地域再生,0.15,自民党、立憲民主党、公明党,0.18,0.2,0.05,0.07,0.15,0.18,0.02,0.15,福島第一原発事故と廃炉作業、ALPS処理水の海洋放出問題、帰還困難区域の段階的解除、福島イノベーション・コースト構想、原発事故被災者の長期支援
福島県3区,福島県,7,3,原発事故からの復興,0.3,自民党、立憲民主党、公明党,風評被害対策,0.18,自民党、立憲民主党,人口回復・地域再生,0.15,自民党、立憲民主党、公明党,0.18,0.2,0.05,0.07,0.15,0.18,0.02,0.15,福島第一原発事故と廃炉作業、ALPS処理水の海洋放出問題、帰還困難区域の段階的解除、福島イノベーション・コースト構想、原発事故被災者の長期支援
福島県4区,福島県,7,4,原発事故からの復興,0.3,自民党、立憲民主党、公明党,風評被害対策,0.18,自民党、立憲民主党,人口回復・地域再生,0.15,自民党、立憲民主党、公明党,0.18,0.2,0.05,0.07,0.15,0.18,0.02,0.15,福島第一原発事故と廃炉作業、ALPS処理水の海洋放出問題、帰還困難区域の段階的解除、福島イノベーション・コースト構想、原発事故被災者の長期支援
福島県5区,福島県,7,5,原発事故からの復興,0.3,自民党、立憲民主党、公明党,風評被害対策,0.18,自民党、立憲民主党,人口回復・地域再生,0.15,自民党、立憲民主党、公明党,0.18,0.2,0.05,0.07,0.15,0.18,0.02,0.15,福島第一原発事故と廃炉作業、ALPS処理水の海洋放出問題、帰還困難区域の段階的解除、福島イノベーション・コースト構想、原発事故被災者の長期支援
茨城県1区,茨城県,8,1,科学技術・研究都市振興,0.2,自民党、国民民主党,東海第二原発再稼働問題,0.18,立憲民主党、共産党、れいわ新選組,農業振興,0.15,自民党、国民民主党,0.25,0.18,0.08,0.12,0.1,0.15,0.04,0.08,つくば研究学園都市、東海第二原発再稼働問題、J-PARC等の大型研究施設、都心通勤圏と農村部の二面性
茨城県2区,茨城県,8,2,科学技術・研究都市振興,0.2,自民党、国民民主党,東海第二原発再稼働問題,0.18,立憲民主党、共産党、れいわ新選組,農業振興,0.15,自民党、国民民主党,0.25,0.18,0.08,0.12,0.1,0.15,0.04,0.08,つくば研究学園都市、東海第二原発再稼働問題、J-PARC等の大型研究施設、都心通勤圏と農村部の二面性
茨城県3区,茨城県,8,3,科学技術・研究都市振興,0.2,自民党、国民民主党,東海第二原発再稼働問題,0.18,立憲民主党、共産党、れいわ新選組,農業振興,0.15,自民党、国民民主党,0.25,0.18,0.08,0.12,0.1,0.15,0.04,0.08,つくば研究学園都市、東海第二原発再稼働問題、J-PARC等の大型研究施設、都心通勤圏と農村部の二面性
茨城県4区,茨城県,8,4,科学技術・研究都市振興,0.2,自民党、国民民主党,東海第二原発再稼働問題,0.18,立憲民主党、共産党、れいわ新選組,農業振興,0.15,自民党、国民民主党,0.25,0.18,0.08,0.12,0.1,0.15,0.04,0.08,つくば研究学園都市、東海第二原発再稼働問題、J-PARC等の大型研究施設、都心通勤圏と農村部の二面性
茨城県5区,茨城県,8,5,科学技術・研究都市振興,0.2,自民党、国民民主党,東海第二原発再稼働問題,0.18,立憲民主党、共産党、れいわ新選組,農業振興,0.15,自民党、国民民主党,0.25,0.18,0.08,0.12,0.1,0.15,0.04,0.08,つくば研究学園都市、東海第二原発再稼働問題、J-PARC等の大型研究施設、都心通勤圏と農村部の二面性
茨城県6区,茨城県,8,6,科学技術・研究都市振興,0.2,自民党、国民民主党,東海第二原発再稼働問題,0.18,立憲民主党、共産党、れいわ新選組,農業振興,0.15,自民党、国民民主党,0.25,0.18,0.08,0.12,0.1,0.15,0.04,0.08,つくば研究学園都市、東海第二原発再稼働問題、J-PARC等の大型研究施設、都心通勤圏と農村部の二面性
茨城県7区,茨城県,8,7,科学技術・研究都市振興,0.2,自民党、国民民主党,東海第二原発再稼働問題,0.18,立憲民主党、共産党、れいわ新選組,農業振興,0.15,自民党、国民民主党,0.25,0.18,0.08,0.12,0.1,0.15,0.04,0.08,つくば研究学園都市、東海第二原発再稼働問題、J-PARC等の大型研究施設、都心通勤圏と農村部の二面性
栃木県1区,栃木県,9,1,製造業・産業振興,0.22,自民党、国民民主党,観光振興,0.18,自民党、日本維新の会,農業振興,0.15,自民党、国民民主党,0.25,0.2,0.05,0.12,0.07,0.18,0.03,0.1,日光世界遺産を核とした観光、北関東工業地域の一角、いちご生産量日本一、LRT（次世代型路面電車）開業
栃木県2区,栃木県,9,2,製造業・産業振興,0.22,自民党、国民民主党,観光振興,0.18,自民党、日本維新の会,農業振興,0.15,自民党、国民民主党,0.25,0.2,0.05,0.12,0.07,0.18,0.03,0.1,日光世界遺産を核とした観光、北関東工業地域の一角、いちご生産量日本一、LRT（次世代型路面電車）開業
栃木県3区,栃木県,9,3,製造業・産業振興,0.22,自民党、国民民主党,観光振興,0.18,自民党、日本維新の会,農業振興,0.15,自民党、国民民主党,0.25,0.2,0.05,0.12,0.07,0.18,0.03,0.1,日光世界遺産を核とした観光、北関東工業地域の一角、いちご生産量日本一、LRT（次世代型路面電車）開業
栃木県4区,栃木県,9,4,製造業・産業振興,0.22,自民党、国民民主党,観光振興,0.18,自民党、日本維新の会,農業振興,0.15,自民党、国民民主党,0.25,0.2,0.05,0.12,0.07,0.18,0.03,0.1,日光世界遺産を核とした観光、北関東工業地域の一角、いちご生産量日本一、LRT（次世代型路面電車）開業
栃木県5区,栃木県,9,5,製造業・産業振興,0.22,自民党、国民民主党,観光振興,0.18,自民党、日本維新の会,農業振興,0.15,自民党、国民民主党,0.25,0.2,0.05,0.12,0.07,0.18,0.03,0.1,日光世界遺産を核とした観光、北関東工業地域の一角、いちご生産量日本一、LRT（次世代型路面電車）開業
群馬県1区,群馬県,10,1,製造業振興,0.22,自民党、国民民主党,人口減少対策,0.18,自民党、立憲民主党,多文化共生,0.15,立憲民主党、公明党、共産党,0.25,0.2,0.05,0.12,0.05,0.2,0.05,0.08,外国人集住地域（大泉町等）の多文化共生、SUBARU等の自動車関連産業集積、温泉観光資源（草津・伊香保）、保守王国としての政治風土
群馬県2区,群馬県,10,2,製造業振興,0.22,自民党、国民民主党,人口減少対策,0.18,自民党、立憲民主党,多文化共生,0.15,立憲民主党、公明党、共産党,0.25,0.2,0.05,0.12,0.05,0.2,0.05,0.08,外国人集住地域（大泉町等）の多文化共生、SUBARU等の自動車関連産業集積、温泉観光資源（草津・伊香保）、保守王国としての政治風土
群馬県3区,群馬県,10,3,製造業振興,0.22,自民党、国民民主党,人口減少対策,0.18,自民党、立憲民主党,多文化共生,0.15,立憲民主党、公明党、共産党,0.25,0.2,0.05,0.12,0.05,0.2,0.05,0.08,外国人集住地域（大泉町等）の多文化共生、SUBARU等の自動車関連産業集積、温泉観光資源（草津・伊香保）、保守王国としての政治風土
群馬県4区,群馬県,10,4,製造業振興,0.22,自民党、国民民主党,人口減少対策,0.18,自民党、立憲民主党,多文化共生,0.15,立憲民主党、公明党、共産党,0.25,0.2,0.05,0.12,0.05,0.2,0.05,0.08,外国人集住地域（大泉町等）の多文化共生、SUBARU等の自動車関連産業集積、温泉観光資源（草津・伊香保）、保守王国としての政治風土
群馬県5区,群馬県,10,5,製造業振興,0.22,自民党、国民民主党,人口減少対策,0.18,自民党、立憲民主党,多文化共生,0.15,立憲民主党、公明党、共産党,0.25,0.2,0.05,0.12,0.05,0.2,0.05,0.08,外国人集住地域（大泉町等）の多文化共生、SUBARU等の自動車関連産業集積、温泉観光資源（草津・伊香保）、保守王国としての政治風土
埼玉県1区,埼玉県,11,1,都市インフラ整備,0.22,自民党、公明党,子育て・教育,0.2,立憲民主党、公明党、国民民主党,医療・福祉,0.15,立憲民主党、公明党、共産党,0.22,0.25,0.05,0.15,0.05,0.12,0.04,0.12,東京のベッドタウンとしての課題、人口あたり医師数全国最低レベル、急速な高齢化（2025年問題の最前線）、さいたま新都心の機能強化
埼玉県2区,埼玉県,11,2,都市インフラ整備,0.22,自民党、公明党,子育て・教育,0.2,立憲民主党、公明党、国民民主党,医療・福祉,0.15,立憲民主党、公明党、共産党,0.22,0.25,0.05,0.15,0.05,0.12,0.04,0.12,東京のベッドタウンとしての課題、人口あたり医師数全国最低レベル、急速な高齢化（2025年問題の最前線）、さいたま新都心の機能強化
埼玉県3区,埼玉県,11,3,都市インフラ整備,0.22,自民党、公明党,子育て・教育,0.2,立憲民主党、公明党、国民民主党,医療・福祉,0.15,立憲民主党、公明党、共産党,0.22,0.25,0.05,0.15,0.05,0.12,0.04,0.12,東京のベッドタウンとしての課題、人口あたり医師数全国最低レベル、急速な高齢化（2025年問題の最前線）、さいたま新都心の機能強化
埼玉県4区,埼玉県,11,4,都市インフラ整備,0.22,自民党、公明党,子育て・教育,0.2,立憲民主党、公明党、国民民主党,医療・福祉,0.15,立憲民主党、公明党、共産党,0.22,0.25,0.05,0.15,0.05,0.12,0.04,0.12,東京のベッドタウンとしての課題、人口あたり医師数全国最低レベル、急速な高齢化（2025年問題の最前線）、さいたま新都心の機能強化
埼玉県5区,埼玉県,11,5,都市インフラ整備,0.22,自民党、公明党,子育て・教育,0.2,立憲民主党、公明党、国民民主党,医療・福祉,0.15,立憲民主党、公明党、共産党,0.22,0.25,0.05,0.15,0.05,0.12,0.04,0.12,東京のベッドタウンとしての課題、人口あたり医師数全国最低レベル、急速な高齢化（2025年問題の最前線）、さいたま新都心の機能強化
埼玉県6区,埼玉県,11,6,都市インフラ整備,0.22,自民党、公明党,子育て・教育,0.2,立憲民主党、公明党、国民民主党,医療・福祉,0.15,立憲民主党、公明党、共産党,0.22,0.25,0.05,0.15,0.05,0.12,0.04,0.12,東京のベッドタウンとしての課題、人口あたり医師数全国最低レベル、急速な高齢化（2025年問題の最前線）、さいたま新都心の機能強化
埼玉県7区,埼玉県,11,7,都市インフラ整備,0.22,自民党、公明党,子育て・教育,0.2,立憲民主党、公明党、国民民主党,医療・福祉,0.15,立憲民主党、公明党、共産党,0.22,0.25,0.05,0.15,0.05,0.12,0.04,0.12,東京のベッドタウンとしての課題、人口あたり医師数全国最低レベル、急速な高齢化（2025年問題の最前線）、さいたま新都心の機能強化
埼玉県8区,埼玉県,11,8,都市インフラ整備,0.22,自民党、公明党,子育て・教育,0.2,立憲民主党、公明党、国民民主党,医療・福祉,0.15,立憲民主党、公明党、共産党,0.22,0.25,0.05,0.15,0.05,0.12,0.04,0.12,東京のベッドタウンとしての課題、人口あたり医師数全国最低レベル、急速な高齢化（2025年問題の最前線）、さいたま新都心の機能強化
埼玉県9区,埼玉県,11,9,都市インフラ整備,0.22,自民党、公明党,子育て・教育,0.2,立憲民主党、公明党、国民民主党,医療・福祉,0.15,立憲民主党、公明党、共産党,0.22,0.25,0.05,0.15,0.05,0.12,0.04,0.12,東京のベッドタウンとしての課題、人口あたり医師数全国最低レベル、急速な高齢化（2025年問題の最前線）、さいたま新都心の機能強化
埼玉県10区,埼玉県,11,10,都市インフラ整備,0.22,自民党、公明党,子育て・教育,0.2,立憲民主党、公明党、国民民主党,医療・福祉,0.15,立憲民主党、公明党、共産党,0.22,0.25,0.05,0.15,0.05,0.12,0.04,0.12,東京のベッドタウンとしての課題、人口あたり医師数全国最低レベル、急速な高齢化（2025年問題の最前線）、さいたま新都心の機能強化
埼玉県11区,埼玉県,11,11,都市インフラ整備,0.22,自民党、公明党,子育て・教育,0.2,立憲民主党、公明党、国民民主党,医療・福祉,0.15,立憲民主党、公明党、共産党,0.22,0.25,0.05,0.15,0.05,0.12,0.04,0.12,東京のベッドタウンとしての課題、人口あたり医師数全国最低レベル、急速な高齢化（2025年問題の最前線）、さいたま新都心の機能強化
埼玉県12区,埼玉県,11,12,都市インフラ整備,0.22,自民党、公明党,子育て・教育,0.2,立憲民主党、公明党、国民民主党,医療・福祉,0.15,立憲民主党、公明党、共産党,0.22,0.25,0.05,0.15,0.05,0.12,0.04,0.12,東京のベッドタウンとしての課題、人口あたり医師数全国最低レベル、急速な高齢化（2025年問題の最前線）、さいたま新都心の機能強化
埼玉県13区,埼玉県,11,13,都市インフラ整備,0.22,自民党、公明党,子育て・教育,0.2,立憲民主党、公明党、国民民主党,医療・福祉,0.15,立憲民主党、公明党、共産党,0.22,0.25,0.05,0.15,0.05,0.12,0.04,0.12,東京のベッドタウンとしての課題、人口あたり医師数全国最低レベル、急速な高齢化（2025年問題の最前線）、さいたま新都心の機能強化
埼玉県14区,埼玉県,11,14,都市インフラ整備,0.22,自民党、公明党,子育て・教育,0.2,立憲民主党、公明党、国民民主党,医療・福祉,0.15,立憲民主党、公明党、共産党,0.22,0.25,0.05,0.15,0.05,0.12,0.04,0.12,東京のベッドタウンとしての課題、人口あたり医師数全国最低レベル、急速な高齢化（2025年問題の最前線）、さいたま新都心の機能強化
埼玉県15区,埼玉県,11,15,都市インフラ整備,0.22,自民党、公明党,子育て・教育,0.2,立憲民主党、公明党、国民民主党,医療・福祉,0.15,立憲民主党、公明党、共産党,0.22,0.25,0.05,0.15,0.05,0.12,0.04,0.12,東京のベッドタウンとしての課題、人口あたり医師数全国最低レベル、急速な高齢化（2025年問題の最前線）、さいたま新都心の機能強化
千葉県1区,千葉県,12,1,災害対策・インフラ強靭化,0.22,自民党、公明党,成田空港・物流拠点,0.18,自民党、国民民主党,子育て・教育,0.15,立憲民主党、公明党,0.23,0.22,0.05,0.13,0.05,0.13,0.04,0.15,成田国際空港の地元としての課題、台風・停電被害の経験、ディズニーリゾート等の観光産業、東京湾沿岸の工業地帯と環境問題
千葉県2区,千葉県,12,2,災害対策・インフラ強靭化,0.22,自民党、公明党,成田空港・物流拠点,0.18,自民党、国民民主党,子育て・教育,0.15,立憲民主党、公明党,0.23,0.22,0.05,0.13,0.05,0.13,0.04,0.15,成田国際空港の地元としての課題、台風・停電被害の経験、ディズニーリゾート等の観光産業、東京湾沿岸の工業地帯と環境問題
千葉県3区,千葉県,12,3,災害対策・インフラ強靭化,0.22,自民党、公明党,成田空港・物流拠点,0.18,自民党、国民民主党,子育て・教育,0.15,立憲民主党、公明党,0.23,0.22,0.05,0.13,0.05,0.13,0.04,0.15,成田国際空港の地元としての課題、台風・停電被害の経験、ディズニーリゾート等の観光産業、東京湾沿岸の工業地帯と環境問題
千葉県4区,千葉県,12,4,災害対策・インフラ強靭化,0.22,自民党、公明党,成田空港・物流拠点,0.18,自民党、国民民主党,子育て・教育,0.15,立憲民主党、公明党,0.23,0.22,0.05,0.13,0.05,0.13,0.04,0.15,成田国際空港の地元としての課題、台風・停電被害の経験、ディズニーリゾート等の観光産業、東京湾沿岸の工業地帯と環境問題
千葉県5区,千葉県,12,5,災害対策・インフラ強靭化,0.22,自民党、公明党,成田空港・物流拠点,0.18,自民党、国民民主党,子育て・教育,0.15,立憲民主党、公明党,0.23,0.22,0.05,0.13,0.05,0.13,0.04,0.15,成田国際空港の地元としての課題、台風・停電被害の経験、ディズニーリゾート等の観光産業、東京湾沿岸の工業地帯と環境問題
千葉県6区,千葉県,12,6,災害対策・インフラ強靭化,0.22,自民党、公明党,成田空港・物流拠点,0.18,自民党、国民民主党,子育て・教育,0.15,立憲民主党、公明党,0.23,0.22,0.05,0.13,0.05,0.13,0.04,0.15,成田国際空港の地元としての課題、台風・停電被害の経験、ディズニーリゾート等の観光産業、東京湾沿岸の工業地帯と環境問題
千葉県7区,千葉県,12,7,災害対策・インフラ強靭化,0.22,自民党、公明党,成田空港・物流拠点,0.18,自民党、国民民主党,子育て・教育,0.15,立憲民主党、公明党,0.23,0.22,0.05,0.13,0.05,0.13,0.04,0.15,成田国際空港の地元としての課題、台風・停電被害の経験、ディズニーリゾート等の観光産業、東京湾沿岸の工業地帯と環境問題
千葉県8区,千葉県,12,8,災害対策・インフラ強靭化,0.22,自民党、公明党,成田空港・物流拠点,0.18,自民党、国民民主党,子育て・教育,0.15,立憲民主党、公明党,0.23,0.22,0.05,0.13,0.05,0.13,0.04,0.15,成田国際空港の地元としての課題、台風・停電被害の経験、ディズニーリゾート等の観光産業、東京湾沿岸の工業地帯と環境問題
千葉県9区,千葉県,12,9,災害対策・インフラ強靭化,0.22,自民党、公明党,成田空港・物流拠点,0.18,自民党、国民民主党,子育て・教育,0.15,立憲民主党、公明党,0.23,0.22,0.05,0.13,0.05,0.13,0.04,0.15,成田国際空港の地元としての課題、台風・停電被害の経験、ディズニーリゾート等の観光産業、東京湾沿岸の工業地帯と環境問題
千葉県10区,千葉県,12,10,災害対策・インフラ強靭化,0.22,自民党、公明党,成田空港・物流拠点,0.18,自民党、国民民主党,子育て・教育,0.15,立憲民主党、公明党,0.23,0.22,0.05,0.13,0.05,0.13,0.04,0.15,成田国際空港の地元としての課題、台風・停電被害の経験、ディズニーリゾート等の観光産業、東京湾沿岸の工業地帯と環境問題
千葉県11区,千葉県,12,11,災害対策・インフラ強靭化,0.22,自民党、公明党,成田空港・物流拠点,0.18,自民党、国民民主党,子育て・教育,0.15,立憲民主党、公明党,0.23,0.22,0.05,0.13,0.05,0.13,0.04,0.15,成田国際空港の地元としての課題、台風・停電被害の経験、ディズニーリゾート等の観光産業、東京湾沿岸の工業地帯と環境問題
千葉県12区,千葉県,12,12,災害対策・インフラ強靭化,0.22,自民党、公明党,成田空港・物流拠点,0.18,自民党、国民民主党,子育て・教育,0.15,立憲民主党、公明党,0.23,0.22,0.05,0.13,0.05,0.13,0.04,0.15,成田国際空港の地元としての課題、台風・停電被害の経験、ディズニーリゾート等の観光産業、東京湾沿岸の工業地帯と環境問題
千葉県13区,千葉県,12,13,災害対策・インフラ強靭化,0.22,自民党、公明党,成田空港・物流拠点,0.18,自民党、国民民主党,子育て・教育,0.15,立憲民主党、公明党,0.23,0.22,0.05,0.13,0.05,0.13,0.04,0.15,成田国際空港の地元としての課題、台風・停電被害の経験、ディズニーリゾート等の観光産業、東京湾沿岸の工業地帯と環境問題
東京都1区,東京都,13,1,住宅・生活コスト,0.22,立憲民主党、れいわ新選組、共産党,子育て支援・少子化対策,0.2,立憲民主党、公明党、国民民主党,都市インフラ・防災,0.15,自民党、公明党,0.28,0.25,0.07,0.15,0.05,0.05,0.07,0.08,住宅価格・家賃の高騰、首都直下地震への備え、一極集中と地方との格差、国際都市としての競争力、待機児童問題（改善傾向）
東京都2区,東京都,13,2,住宅・生活コスト,0.22,立憲民主党、れいわ新選組、共産党,子育て支援・少子化対策,0.2,立憲民主党、公明党、国民民主党,都市インフラ・防災,0.15,自民党、公明党,0.28,0.25,0.07,0.15,0.05,0.05,0.07,0.08,住宅価格・家賃の高騰、首都直下地震への備え、一極集中と地方との格差、国際都市としての競争力、待機児童問題（改善傾向）
東京都3区,東京都,13,3,住宅・生活コスト,0.22,立憲民主党、れいわ新選組、共産党,子育て支援・少子化対策,0.2,立憲民主党、公明党、国民民主党,都市インフラ・防災,0.15,自民党、公明党,0.28,0.25,0.07,0.15,0.05,0.05,0.07,0.08,住宅価格・家賃の高騰、首都直下地震への備え、一極集中と地方との格差、国際都市としての競争力、待機児童問題（改善傾向）
東京都4区,東京都,13,4,住宅・生活コスト,0.22,立憲民主党、れいわ新選組、共産党,子育て支援・少子化対策,0.2,立憲民主党、公明党、国民民主党,都市インフラ・防災,0.15,自民党、公明党,0.28,0.25,0.07,0.15,0.05,0.05,0.07,0.08,住宅価格・家賃の高騰、首都直下地震への備え、一極集中と地方との格差、国際都市としての競争力、待機児童問題（改善傾向）
東京都5区,東京都,13,5,住宅・生活コスト,0.22,立憲民主党、れいわ新選組、共産党,子育て支援・少子化対策,0.2,立憲民主党、公明党、国民民主党,都市インフラ・防災,0.15,自民党、公明党,0.28,0.25,0.07,0.15,0.05,0.05,0.07,0.08,住宅価格・家賃の高騰、首都直下地震への備え、一極集中と地方との格差、国際都市としての競争力、待機児童問題（改善傾向）
東京都6区,東京都,13,6,住宅・生活コスト,0.22,立憲民主党、れいわ新選組、共産党,子育て支援・少子化対策,0.2,立憲民主党、公明党、国民民主党,都市インフラ・防災,0.15,自民党、公明党,0.28,0.25,0.07,0.15,0.05,0.05,0.07,0.08,住宅価格・家賃の高騰、首都直下地震への備え、一極集中と地方との格差、国際都市としての競争力、待機児童問題（改善傾向）
東京都7区,東京都,13,7,住宅・生活コスト,0.22,立憲民主党、れいわ新選組、共産党,子育て支援・少子化対策,0.2,立憲民主党、公明党、国民民主党,都市インフラ・防災,0.15,自民党、公明党,0.28,0.25,0.07,0.15,0.05,0.05,0.07,0.08,住宅価格・家賃の高騰、首都直下地震への備え、一極集中と地方との格差、国際都市としての競争力、待機児童問題（改善傾向）
東京都8区,東京都,13,8,住宅・生活コスト,0.22,立憲民主党、れいわ新選組、共産党,子育て支援・少子化対策,0.2,立憲民主党、公明党、国民民主党,都市インフラ・防災,0.15,自民党、公明党,0.28,0.25,0.07,0.15,0.05,0.05,0.07,0.08,住宅価格・家賃の高騰、首都直下地震への備え、一極集中と地方との格差、国際都市としての競争力、待機児童問題（改善傾向）
東京都9区,東京都,13,9,住宅・生活コスト,0.22,立憲民主党、れいわ新選組、共産党,子育て支援・少子化対策,0.2,立憲民主党、公明党、国民民主党,都市インフラ・防災,0.15,自民党、公明党,0.28,0.25,0.07,0.15,0.05,0.05,0.07,0.08,住宅価格・家賃の高騰、首都直下地震への備え、一極集中と地方との格差、国際都市としての競争力、待機児童問題（改善傾向）
東京都10区,東京都,13,10,住宅・生活コスト,0.22,立憲民主党、れいわ新選組、共産党,子育て支援・少子化対策,0.2,立憲民主党、公明党、国民民主党,都市インフラ・防災,0.15,自民党、公明党,0.28,0.25,0.07,0.15,0.05,0.05,0.07,0.08,住宅価格・家賃の高騰、首都直下地震への備え、一極集中と地方との格差、国際都市としての競争力、待機児童問題（改善傾向）
東京都11区,東京都,13,11,住宅・生活コスト,0.22,立憲民主党、れいわ新選組、共産党,子育て支援・少子化対策,0.2,立憲民主党、公明党、国民民主党,都市インフラ・防災,0.15,自民党、公明党,0.28,0.25,0.07,0.15,0.05,0.05,0.07,0.08,住宅価格・家賃の高騰、首都直下地震への備え、一極集中と地方との格差、国際都市としての競争力、待機児童問題（改善傾向）
東京都12区,東京都,13,12,住宅・生活コスト,0.22,立憲民主党、れいわ新選組、共産党,子育て支援・少子化対策,0.2,立憲民主党、公明党、国民民主党,都市インフラ・防災,0.15,自民党、公明党,0.28,0.25,0.07,0.15,0.05,0.05,0.07,0.08,住宅価格・家賃の高騰、首都直下地震への備え、一極集中と地方との格差、国際都市としての競争力、待機児童問題（改善傾向）
東京都13区,東京都,13,13,住宅・生活コスト,0.22,立憲民主党、れいわ新選組、共産党,子育て支援・少子化対策,0.2,立憲民主党、公明党、国民民主党,都市インフラ・防災,0.15,自民党、公明党,0.28,0.25,0.07,0.15,0.05,0.05,0.07,0.08,住宅価格・家賃の高騰、首都直下地震への備え、一極集中と地方との格差、国際都市としての競争力、待機児童問題（改善傾向）
東京都14区,東京都,13,14,住宅・生活コスト,0.22,立憲民主党、れいわ新選組、共産党,子育て支援・少子化対策,0.2,立憲民主党、公明党、国民民主党,都市インフラ・防災,0.15,自民党、公明党,0.28,0.25,0.07,0.15,0.05,0.05,0.07,0.08,住宅価格・家賃の高騰、首都直下地震への備え、一極集中と地方との格差、国際都市としての競争力、待機児童問題（改善傾向）
東京都15区,東京都,13,15,住宅・生活コスト,0.22,立憲民主党、れいわ新選組、共産党,子育て支援・少子化対策,0.2,立憲民主党、公明党、国民民主党,都市インフラ・防災,0.15,自民党、公明党,0.28,0.25,0.07,0.15,0.05,0.05,0.07,0.08,住宅価格・家賃の高騰、首都直下地震への備え、一極集中と地方との格差、国際都市としての競争力、待機児童問題（改善傾向）
東京都16区,東京都,13,16,住宅・生活コスト,0.22,立憲民主党、れいわ新選組、共産党,子育て支援・少子化対策,0.2,立憲民主党、公明党、国民民主党,都市インフラ・防災,0.15,自民党、公明党,0.28,0.25,0.07,0.15,0.05,0.05,0.07,0.08,住宅価格・家賃の高騰、首都直下地震への備え、一極集中と地方との格差、国際都市としての競争力、待機児童問題（改善傾向）
東京都17区,東京都,13,17,住宅・生活コスト,0.22,立憲民主党、れいわ新選組、共産党,子育て支援・少子化対策,0.2,立憲民主党、公明党、国民民主党,都市インフラ・防災,0.15,自民党、公明党,0.28,0.25,0.07,0.15,0.05,0.05,0.07,0.08,住宅価格・家賃の高騰、首都直下地震への備え、一極集中と地方との格差、国際都市としての競争力、待機児童問題（改善傾向）
東京都18区,東京都,13,18,住宅・生活コスト,0.22,立憲民主党、れいわ新選組、共産党,子育て支援・少子化対策,0.2,立憲民主党、公明党、国民民主党,都市インフラ・防災,0.15,自民党、公明党,0.28,0.25,0.07,0.15,0.05,0.05,0.07,0.08,住宅価格・家賃の高騰、首都直下地震への備え、一極集中と地方との格差、国際都市としての競争力、待機児童問題（改善傾向）
東京都19区,東京都,13,19,住宅・生活コスト,0.22,立憲民主党、れいわ新選組、共産党,子育て支援・少子化対策,0.2,立憲民主党、公明党、国民民主党,都市インフラ・防災,0.15,自民党、公明党,0.28,0.25,0.07,0.15,0.05,0.05,0.07,0.08,住宅価格・家賃の高騰、首都直下地震への備え、一極集中と地方との格差、国際都市としての競争力、待機児童問題（改善傾向）
東京都20区,東京都,13,20,住宅・生活コスト,0.22,立憲民主党、れいわ新選組、共産党,子育て支援・少子化対策,0.2,立憲民主党、公明党、国民民主党,都市インフラ・防災,0.15,自民党、公明党,0.28,0.25,0.07,0.15,0.05,0.05,0.07,0.08,住宅価格・家賃の高騰、首都直下地震への備え、一極集中と地方との格差、国際都市としての競争力、待機児童問題（改善傾向）
東京都21区,東京都,13,21,住宅・生活コスト,0.22,立憲民主党、れいわ新選組、共産党,子育て支援・少子化対策,0.2,立憲民主党、公明党、国民民主党,都市インフラ・防災,0.15,自民党、公明党,0.28,0.25,0.07,0.15,0.05,0.05,0.07,0.08,住宅価格・家賃の高騰、首都直下地震への備え、一極集中と地方との格差、国際都市としての競争力、待機児童問題（改善傾向）
東京都22区,東京都,13,22,住宅・生活コスト,0.22,立憲民主党、れいわ新選組、共産党,子育て支援・少子化対策,0.2,立憲民主党、公明党、国民民主党,都市インフラ・防災,0.15,自民党、公明党,0.28,0.25,0.07,0.15,0.05,0.05,0.07,0.08,住宅価格・家賃の高騰、首都直下地震への備え、一極集中と地方との格差、国際都市としての競争力、待機児童問題（改善傾向）
東京都23区,東京都,13,23,住宅・生活コスト,0.22,立憲民主党、れいわ新選組、共産党,子育て支援・少子化対策,0.2,立憲民主党、公明党、国民民主党,都市インフラ・防災,0.15,自民党、公明党,0.28,0.25,0.07,0.15,0.05,0.05,0.07,0.08,住宅価格・家賃の高騰、首都直下地震への備え、一極集中と地方との格差、国際都市としての競争力、待機児童問題（改善傾向）
東京都24区,東京都,13,24,住宅・生活コスト,0.22,立憲民主党、れいわ新選組、共産党,子育て支援・少子化対策,0.2,立憲民主党、公明党、国民民主党,都市インフラ・防災,0.15,自民党、公明党,0.28,0.25,0.07,0.15,0.05,0.05,0.07,0.08,住宅価格・家賃の高騰、首都直下地震への備え、一極集中と地方との格差、国際都市としての競争力、待機児童問題（改善傾向）
東京都25区,東京都,13,25,住宅・生活コスト,0.22,立憲民主党、れいわ新選組、共産党,子育て支援・少子化対策,0.2,立憲民主党、公明党、国民民主党,都市インフラ・防災,0.15,自民党、公明党,0.28,0.25,0.07,0.15,0.05,0.05,0.07,0.08,住宅価格・家賃の高騰、首都直下地震への備え、一極集中と地方との格差、国際都市としての競争力、待機児童問題（改善傾向）
神奈川県1区,神奈川県,14,1,子育て・教育,0.2,立憲民主党、公明党、国民民主党,都市インフラ・交通,0.18,自民党、公明党,医療・高齢者福祉,0.15,立憲民主党、公明党、共産党,0.25,0.25,0.07,0.15,0.05,0.08,0.05,0.1,横須賀米軍基地の存在、リニア中央新幹線の相模原駅、横浜IR構想の撤回と今後、人口減少の始まりと団地の高齢化
神奈川県2区,神奈川県,14,2,子育て・教育,0.2,立憲民主党、公明党、国民民主党,都市インフラ・交通,0.18,自民党、公明党,医療・高齢者福祉,0.15,立憲民主党、公明党、共産党,0.25,0.25,0.07,0.15,0.05,0.08,0.05,0.1,横須賀米軍基地の存在、リニア中央新幹線の相模原駅、横浜IR構想の撤回と今後、人口減少の始まりと団地の高齢化
神奈川県3区,神奈川県,14,3,子育て・教育,0.2,立憲民主党、公明党、国民民主党,都市インフラ・交通,0.18,自民党、公明党,医療・高齢者福祉,0.15,立憲民主党、公明党、共産党,0.25,0.25,0.07,0.15,0.05,0.08,0.05,0.1,横須賀米軍基地の存在、リニア中央新幹線の相模原駅、横浜IR構想の撤回と今後、人口減少の始まりと団地の高齢化
神奈川県4区,神奈川県,14,4,子育て・教育,0.2,立憲民主党、公明党、国民民主党,都市インフラ・交通,0.18,自民党、公明党,医療・高齢者福祉,0.15,立憲民主党、公明党、共産党,0.25,0.25,0.07,0.15,0.05,0.08,0.05,0.1,横須賀米軍基地の存在、リニア中央新幹線の相模原駅、横浜IR構想の撤回と今後、人口減少の始まりと団地の高齢化
神奈川県5区,神奈川県,14,5,子育て・教育,0.2,立憲民主党、公明党、国民民主党,都市インフラ・交通,0.18,自民党、公明党,医療・高齢者福祉,0.15,立憲民主党、公明党、共産党,0.25,0.25,0.07,0.15,0.05,0.08,0.05,0.1,横須賀米軍基地の存在、リニア中央新幹線の相模原駅、横浜IR構想の撤回と今後、人口減少の始まりと団地の高齢化
神奈川県6区,神奈川県,14,6,子育て・教育,0.2,立憲民主党、公明党、国民民主党,都市インフラ・交通,0.18,自民党、公明党,医療・高齢者福祉,0.15,立憲民主党、公明党、共産党,0.25,0.25,0.07,0.15,0.05,0.08,0.05,0.1,横須賀米軍基地の存在、リニア中央新幹線の相模原駅、横浜IR構想の撤回と今後、人口減少の始まりと団地の高齢化
神奈川県7区,神奈川県,14,7,子育て・教育,0.2,立憲民主党、公明党、国民民主党,都市インフラ・交通,0.18,自民党、公明党,医療・高齢者福祉,0.15,立憲民主党、公明党、共産党,0.25,0.25,0.07,0.15,0.05,0.08,0.05,0.1,横須賀米軍基地の存在、リニア中央新幹線の相模原駅、横浜IR構想の撤回と今後、人口減少の始まりと団地の高齢化
神奈川県8区,神奈川県,14,8,子育て・教育,0.2,立憲民主党、公明党、国民民主党,都市インフラ・交通,0.18,自民党、公明党,医療・高齢者福祉,0.15,立憲民主党、公明党、共産党,0.25,0.25,0.07,0.15,0.05,0.08,0.05,0.1,横須賀米軍基地の存在、リニア中央新幹線の相模原駅、横浜IR構想の撤回と今後、人口減少の始まりと団地の高齢化
神奈川県9区,神奈川県,14,9,子育て・教育,0.2,立憲民主党、公明党、国民民主党,都市インフラ・交通,0.18,自民党、公明党,医療・高齢者福祉,0.15,立憲民主党、公明党、共産党,0.25,0.25,0.07,0.15,0.05,0.08,0.05,0.1,横須賀米軍基地の存在、リニア中央新幹線の相模原駅、横浜IR構想の撤回と今後、人口減少の始まりと団地の高齢化
神奈川県10区,神奈川県,14,10,子育て・教育,0.2,立憲民主党、公明党、国民民主党,都市インフラ・交通,0.18,自民党、公明党,医療・高齢者福祉,0.15,立憲民主党、公明党、共産党,0.25,0.25,0.07,0.15,0.05,0.08,0.05,0.1,横須賀米軍基地の存在、リニア中央新幹線の相模原駅、横浜IR構想の撤回と今後、人口減少の始まりと団地の高齢化
神奈川県11区,神奈川県,14,11,子育て・教育,0.2,立憲民主党、公明党、国民民主党,都市インフラ・交通,0.18,自民党、公明党,医療・高齢者福祉,0.15,立憲民主党、公明党、共産党,0.25,0.25,0.07,0.15,0.05,0.08,0.05,0.1,横須賀米軍基地の存在、リニア中央新幹線の相模原駅、横浜IR構想の撤回と今後、人口減少の始まりと団地の高齢化
神奈川県12区,神奈川県,14,12,子育て・教育,0.2,立憲民主党、公明党、国民民主党,都市インフラ・交通,0.18,自民党、公明党,医療・高齢者福祉,0.15,立憲民主党、公明党、共産党,0.25,0.25,0.07,0.15,0.05,0.08,0.05,0.1,横須賀米軍基地の存在、リニア中央新幹線の相模原駅、横浜IR構想の撤回と今後、人口減少の始まりと団地の高齢化
神奈川県13区,神奈川県,14,13,子育て・教育,0.2,立憲民主党、公明党、国民民主党,都市インフラ・交通,0.18,自民党、公明党,医療・高齢者福祉,0.15,立憲民主党、公明党、共産党,0.25,0.25,0.07,0.15,0.05,0.08,0.05,0.1,横須賀米軍基地の存在、リニア中央新幹線の相模原駅、横浜IR構想の撤回と今後、人口減少の始まりと団地の高齢化
神奈川県14区,神奈川県,14,14,子育て・教育,0.2,立憲民主党、公明党、国民民主党,都市インフラ・交通,0.18,自民党、公明党,医療・高齢者福祉,0.15,立憲民主党、公明党、共産党,0.25,0.25,0.07,0.15,0.05,0.08,0.05,0.1,横須賀米軍基地の存在、リニア中央新幹線の相模原駅、横浜IR構想の撤回と今後、人口減少の始まりと団地の高齢化
神奈川県15区,神奈川県,14,15,子育て・教育,0.2,立憲民主党、公明党、国民民主党,都市インフラ・交通,0.18,自民党、公明党,医療・高齢者福祉,0.15,立憲民主党、公明党、共産党,0.25,0.25,0.07,0.15,0.05,0.08,0.05,0.1,横須賀米軍基地の存在、リニア中央新幹線の相模原駅、横浜IR構想の撤回と今後、人口減少の始まりと団地の高齢化
神奈川県16区,神奈川県,14,16,子育て・教育,0.2,立憲民主党、公明党、国民民主党,都市インフラ・交通,0.18,自民党、公明党,医療・高齢者福祉,0.15,立憲民主党、公明党、共産党,0.25,0.25,0.07,0.15,0.05,0.08,0.05,0.1,横須賀米軍基地の存在、リニア中央新幹線の相模原駅、横浜IR構想の撤回と今後、人口減少の始まりと団地の高齢化
神奈川県17区,神奈川県,14,17,子育て・教育,0.2,立憲民主党、公明党、国民民主党,都市インフラ・交通,0.18,自民党、公明党,医療・高齢者福祉,0.15,立憲民主党、公明党、共産党,0.25,0.25,0.07,0.15,0.05,0.08,0.05,0.1,横須賀米軍基地の存在、リニア中央新幹線の相模原駅、横浜IR構想の撤回と今後、人口減少の始まりと団地の高齢化
新潟県1区,新潟県,15,1,農業振興（米作）,0.25,自民党、国民民主党,柏崎刈羽原発再稼働問題,0.2,立憲民主党、共産党、れいわ新選組,人口減少対策,0.17,自民党、立憲民主党,0.22,0.2,0.1,0.08,0.12,0.18,0.03,0.07,柏崎刈羽原子力発電所の再稼働問題、米どころとしての農業政策、北朝鮮拉致問題（横田めぐみさん）、田中角栄以来の政治風土
新潟県2区,新潟県,15,2,農業振興（米作）,0.25,自民党、国民民主党,柏崎刈羽原発再稼働問題,0.2,立憲民主党、共産党、れいわ新選組,人口減少対策,0.17,自民党、立憲民主党,0.22,0.2,0.1,0.08,0.12,0.18,0.03,0.07,柏崎刈羽原子力発電所の再稼働問題、米どころとしての農業政策、北朝鮮拉致問題（横田めぐみさん）、田中角栄以来の政治風土
新潟県3区,新潟県,15,3,農業振興（米作）,0.25,自民党、国民民主党,柏崎刈羽原発再稼働問題,0.2,立憲民主党、共産党、れいわ新選組,人口減少対策,0.17,自民党、立憲民主党,0.22,0.2,0.1,0.08,0.12,0.18,0.03,0.07,柏崎刈羽原子力発電所の再稼働問題、米どころとしての農業政策、北朝鮮拉致問題（横田めぐみさん）、田中角栄以来の政治風土
新潟県4区,新潟県,15,4,農業振興（米作）,0.25,自民党、国民民主党,柏崎刈羽原発再稼働問題,0.2,立憲民主党、共産党、れいわ新選組,人口減少対策,0.17,自民党、立憲民主党,0.22,0.2,0.1,0.08,0.12,0.18,0.03,0.07,柏崎刈羽原子力発電所の再稼働問題、米どころとしての農業政策、北朝鮮拉致問題（横田めぐみさん）、田中角栄以来の政治風土
新潟県5区,新潟県,15,5,農業振興（米作）,0.25,自民党、国民民主党,柏崎刈羽原発再稼働問題,0.2,立憲民主党、共産党、れいわ新選組,人口減少対策,0.17,自民党、立憲民主党,0.22,0.2,0.1,0.08,0.12,0.18,0.03,0.07,柏崎刈羽原子力発電所の再稼働問題、米どころとしての農業政策、北朝鮮拉致問題（横田めぐみさん）、田中角栄以来の政治風土
新潟県6区,新潟県,15,6,農業振興（米作）,0.25,自民党、国民民主党,柏崎刈羽原発再稼働問題,0.2,立憲民主党、共産党、れいわ新選組,人口減少対策,0.17,自民党、立憲民主党,0.22,0.2,0.1,0.08,0.12,0.18,0.03,0.07,柏崎刈羽原子力発電所の再稼働問題、米どころとしての農業政策、北朝鮮拉致問題（横田めぐみさん）、田中角栄以来の政治風土
富山県1区,富山県,16,1,製薬・製造業振興,0.22,自民党、国民民主党,人口減少対策,0.2,自民党、立憲民主党,北陸新幹線の活用,0.15,自民党、公明党,0.27,0.22,0.05,0.1,0.05,0.2,0.03,0.08,富山型コンパクトシティ政策、製薬産業の伝統と集積、北陸新幹線延伸効果、持ち家率・共働き率の高さ
富山県2区,富山県,16,2,製薬・製造業振興,0.22,自民党、国民民主党,人口減少対策,0.2,自民党、立憲民主党,北陸新幹線の活用,0.15,自民党、公明党,0.27,0.22,0.05,0.1,0.05,0.2,0.03,0.08,富山型コンパクトシティ政策、製薬産業の伝統と集積、北陸新幹線延伸効果、持ち家率・共働き率の高さ
富山県3区,富山県,16,3,製薬・製造業振興,0.22,自民党、国民民主党,人口減少対策,0.2,自民党、立憲民主党,北陸新幹線の活用,0.15,自民党、公明党,0.27,0.22,0.05,0.1,0.05,0.2,0.03,0.08,富山型コンパクトシティ政策、製薬産業の伝統と集積、北陸新幹線延伸効果、持ち家率・共働き率の高さ
石川県1区,石川県,17,1,能登半島地震からの復興,0.28,自民党、立憲民主党、公明党,観光産業振興,0.18,自民党、日本維新の会,人口減少対策,0.15,自民党、立憲民主党,0.2,0.18,0.05,0.08,0.05,0.19,0.03,0.22,2024年能登半島地震の被災と復興、金沢の歴史・文化資源、北陸新幹線延伸による経済効果、輪島塗等伝統工芸の危機
石川県2区,石川県,17,2,能登半島地震からの復興,0.28,自民党、立憲民主党、公明党,観光産業振興,0.18,自民党、日本維新の会,人口減少対策,0.15,自民党、立憲民主党,0.2,0.18,0.05,0.08,0.05,0.19,0.03,0.22,2024年能登半島地震の被災と復興、金沢の歴史・文化資源、北陸新幹線延伸による経済効果、輪島塗等伝統工芸の危機
石川県3区,石川県,17,3,能登半島地震からの復興,0.28,自民党、立憲民主党、公明党,観光産業振興,0.18,自民党、日本維新の会,人口減少対策,0.15,自民党、立憲民主党,0.2,0.18,0.05,0.08,0.05,0.19,0.03,0.22,2024年能登半島地震の被災と復興、金沢の歴史・文化資源、北陸新幹線延伸による経済効果、輪島塗等伝統工芸の危機
福井県1区,福井県,18,1,原子力発電所と地域経済,0.22,自民党、国民民主党,北陸新幹線延伸効果,0.18,自民党、公明党,人口減少対策,0.18,自民党、立憲民主党,0.25,0.2,0.05,0.12,0.1,0.18,0.03,0.07,原発銀座（若狭湾に原発集中）、幸福度ランキング日本一、鯖江市の眼鏡産業、北陸新幹線敦賀延伸
福井県2区,福井県,18,2,原子力発電所と地域経済,0.22,自民党、国民民主党,北陸新幹線延伸効果,0.18,自民党、公明党,人口減少対策,0.18,自民党、立憲民主党,0.25,0.2,0.05,0.12,0.1,0.18,0.03,0.07,原発銀座（若狭湾に原発集中）、幸福度ランキング日本一、鯖江市の眼鏡産業、北陸新幹線敦賀延伸
山梨県1区,山梨県,19,1,リニア中央新幹線,0.22,自民党、国民民主党,人口減少・過疎化,0.2,自民党、立憲民主党,観光・ワイン産業,0.15,自民党、日本維新の会,0.25,0.2,0.05,0.08,0.08,0.2,0.03,0.11,リニア中央新幹線の開業効果、富士山の世界遺産と観光オーバーツーリズム、甲州ワイン産業の振興、果樹農業への気候変動影響
山梨県2区,山梨県,19,2,リニア中央新幹線,0.22,自民党、国民民主党,人口減少・過疎化,0.2,自民党、立憲民主党,観光・ワイン産業,0.15,自民党、日本維新の会,0.25,0.2,0.05,0.08,0.08,0.2,0.03,0.11,リニア中央新幹線の開業効果、富士山の世界遺産と観光オーバーツーリズム、甲州ワイン産業の振興、果樹農業への気候変動影響
長野県1区,長野県,20,1,観光産業振興,0.2,自民党、日本維新の会,農業振興,0.18,自民党、国民民主党,人口減少・中山間地域対策,0.18,自民党、立憲民主党,0.23,0.2,0.05,0.1,0.1,0.18,0.03,0.11,広大な県土と中山間地域の多さ、精密機械・IT産業の集積、移住先人気ランキング上位、御嶽山噴火の教訓と火山防災
長野県2区,長野県,20,2,観光産業振興,0.2,自民党、日本維新の会,農業振興,0.18,自民党、国民民主党,人口減少・中山間地域対策,0.18,自民党、立憲民主党,0.23,0.2,0.05,0.1,0.1,0.18,0.03,0.11,広大な県土と中山間地域の多さ、精密機械・IT産業の集積、移住先人気ランキング上位、御嶽山噴火の教訓と火山防災
長野県3区,長野県,20,3,観光産業振興,0.2,自民党、日本維新の会,農業振興,0.18,自民党、国民民主党,人口減少・中山間地域対策,0.18,自民党、立憲民主党,0.23,0.2,0.05,0.1,0.1,0.18,0.03,0.11,広大な県土と中山間地域の多さ、精密機械・IT産業の集積、移住先人気ランキング上位、御嶽山噴火の教訓と火山防災
長野県4区,長野県,20,4,観光産業振興,0.2,自民党、日本維新の会,農業振興,0.18,自民党、国民民主党,人口減少・中山間地域対策,0.18,自民党、立憲民主党,0.23,0.2,0.05,0.1,0.1,0.18,0.03,0.11,広大な県土と中山間地域の多さ、精密機械・IT産業の集積、移住先人気ランキング上位、御嶽山噴火の教訓と火山防災
長野県5区,長野県,20,5,観光産業振興,0.2,自民党、日本維新の会,農業振興,0.18,自民党、国民民主党,人口減少・中山間地域対策,0.18,自民党、立憲民主党,0.23,0.2,0.05,0.1,0.1,0.18,0.03,0.11,広大な県土と中山間地域の多さ、精密機械・IT産業の集積、移住先人気ランキング上位、御嶽山噴火の教訓と火山防災
岐阜県1区,岐阜県,21,1,製造業振興,0.22,自民党、国民民主党,人口減少・地域格差,0.18,自民党、立憲民主党,観光振興,0.15,自民党、日本維新の会,0.25,0.2,0.05,0.08,0.07,0.2,0.04,0.11,白川郷世界遺産のオーバーツーリズム、リニア中央新幹線岐阜県駅、航空宇宙産業（各務原）の集積、県南部と飛騨地方の大きな地域格差
岐阜県2区,岐阜県,21,2,製造業振興,0.22,自民党、国民民主党,人口減少・地域格差,0.18,自民党、立憲民主党,観光振興,0.15,自民党、日本維新の会,0.25,0.2,0.05,0.08,0.07,0.2,0.04,0.11,白川郷世界遺産のオーバーツーリズム、リニア中央新幹線岐阜県駅、航空宇宙産業（各務原）の集積、県南部と飛騨地方の大きな地域格差
岐阜県3区,岐阜県,21,3,製造業振興,0.22,自民党、国民民主党,人口減少・地域格差,0.18,自民党、立憲民主党,観光振興,0.15,自民党、日本維新の会,0.25,0.2,0.05,0.08,0.07,0.2,0.04,0.11,白川郷世界遺産のオーバーツーリズム、リニア中央新幹線岐阜県駅、航空宇宙産業（各務原）の集積、県南部と飛騨地方の大きな地域格差
岐阜県4区,岐阜県,21,4,製造業振興,0.22,自民党、国民民主党,人口減少・地域格差,0.18,自民党、立憲民主党,観光振興,0.15,自民党、日本維新の会,0.25,0.2,0.05,0.08,0.07,0.2,0.04,0.11,白川郷世界遺産のオーバーツーリズム、リニア中央新幹線岐阜県駅、航空宇宙産業（各務原）の集積、県南部と飛騨地方の大きな地域格差
岐阜県5区,岐阜県,21,5,製造業振興,0.22,自民党、国民民主党,人口減少・地域格差,0.18,自民党、立憲民主党,観光振興,0.15,自民党、日本維新の会,0.25,0.2,0.05,0.08,0.07,0.2,0.04,0.11,白川郷世界遺産のオーバーツーリズム、リニア中央新幹線岐阜県駅、航空宇宙産業（各務原）の集積、県南部と飛騨地方の大きな地域格差
静岡県1区,静岡県,22,1,リニア中央新幹線問題,0.22,立憲民主党、自民党,製造業振興,0.18,自民党、国民民主党,防災,0.18,自民党、公明党,0.25,0.18,0.05,0.08,0.1,0.15,0.04,0.15,リニア中央新幹線と大井川水問題、南海トラフ地震の最大被害想定地域、富士山噴火への備え、浜岡原発の停止問題
静岡県2区,静岡県,22,2,リニア中央新幹線問題,0.22,立憲民主党、自民党,製造業振興,0.18,自民党、国民民主党,防災,0.18,自民党、公明党,0.25,0.18,0.05,0.08,0.1,0.15,0.04,0.15,リニア中央新幹線と大井川水問題、南海トラフ地震の最大被害想定地域、富士山噴火への備え、浜岡原発の停止問題
静岡県3区,静岡県,22,3,リニア中央新幹線問題,0.22,立憲民主党、自民党,製造業振興,0.18,自民党、国民民主党,防災,0.18,自民党、公明党,0.25,0.18,0.05,0.08,0.1,0.15,0.04,0.15,リニア中央新幹線と大井川水問題、南海トラフ地震の最大被害想定地域、富士山噴火への備え、浜岡原発の停止問題
静岡県4区,静岡県,22,4,リニア中央新幹線問題,0.22,立憲民主党、自民党,製造業振興,0.18,自民党、国民民主党,防災,0.18,自民党、公明党,0.25,0.18,0.05,0.08,0.1,0.15,0.04,0.15,リニア中央新幹線と大井川水問題、南海トラフ地震の最大被害想定地域、富士山噴火への備え、浜岡原発の停止問題
静岡県5区,静岡県,22,5,リニア中央新幹線問題,0.22,立憲民主党、自民党,製造業振興,0.18,自民党、国民民主党,防災,0.18,自民党、公明党,0.25,0.18,0.05,0.08,0.1,0.15,0.04,0.15,リニア中央新幹線と大井川水問題、南海トラフ地震の最大被害想定地域、富士山噴火への備え、浜岡原発の停止問題
静岡県6区,静岡県,22,6,リニア中央新幹線問題,0.22,立憲民主党、自民党,製造業振興,0.18,自民党、国民民主党,防災,0.18,自民党、公明党,0.25,0.18,0.05,0.08,0.1,0.15,0.04,0.15,リニア中央新幹線と大井川水問題、南海トラフ地震の最大被害想定地域、富士山噴火への備え、浜岡原発の停止問題
静岡県7区,静岡県,22,7,リニア中央新幹線問題,0.22,立憲民主党、自民党,製造業振興,0.18,自民党、国民民主党,防災,0.18,自民党、公明党,0.25,0.18,0.05,0.08,0.1,0.15,0.04,0.15,リニア中央新幹線と大井川水問題、南海トラフ地震の最大被害想定地域、富士山噴火への備え、浜岡原発の停止問題
静岡県8区,静岡県,22,8,リニア中央新幹線問題,0.22,立憲民主党、自民党,製造業振興,0.18,自民党、国民民主党,防災,0.18,自民党、公明党,0.25,0.18,0.05,0.08,0.1,0.15,0.04,0.15,リニア中央新幹線と大井川水問題、南海トラフ地震の最大被害想定地域、富士山噴火への備え、浜岡原発の停止問題
愛知県1区,愛知県,23,1,自動車産業・製造業の構造転換,0.28,自民党、国民民主党,外国人労働者との共生,0.15,立憲民主党、公明党、共産党,リニア中央新幹線,0.13,自民党、国民民主党,0.3,0.2,0.05,0.12,0.05,0.1,0.05,0.13,トヨタ自動車を核とした自動車産業の一大集積、EV転換による産業構造変化のリスク、外国人集住地域の多文化共生課題、リニア中央新幹線名古屋駅
愛知県2区,愛知県,23,2,自動車産業・製造業の構造転換,0.28,自民党、国民民主党,外国人労働者との共生,0.15,立憲民主党、公明党、共産党,リニア中央新幹線,0.13,自民党、国民民主党,0.3,0.2,0.05,0.12,0.05,0.1,0.05,0.13,トヨタ自動車を核とした自動車産業の一大集積、EV転換による産業構造変化のリスク、外国人集住地域の多文化共生課題、リニア中央新幹線名古屋駅
愛知県3区,愛知県,23,3,自動車産業・製造業の構造転換,0.28,自民党、国民民主党,外国人労働者との共生,0.15,立憲民主党、公明党、共産党,リニア中央新幹線,0.13,自民党、国民民主党,0.3,0.2,0.05,0.12,0.05,0.1,0.05,0.13,トヨタ自動車を核とした自動車産業の一大集積、EV転換による産業構造変化のリスク、外国人集住地域の多文化共生課題、リニア中央新幹線名古屋駅
愛知県4区,愛知県,23,4,自動車産業・製造業の構造転換,0.28,自民党、国民民主党,外国人労働者との共生,0.15,立憲民主党、公明党、共産党,リニア中央新幹線,0.13,自民党、国民民主党,0.3,0.2,0.05,0.12,0.05,0.1,0.05,0.13,トヨタ自動車を核とした自動車産業の一大集積、EV転換による産業構造変化のリスク、外国人集住地域の多文化共生課題、リニア中央新幹線名古屋駅
愛知県5区,愛知県,23,5,自動車産業・製造業の構造転換,0.28,自民党、国民民主党,外国人労働者との共生,0.15,立憲民主党、公明党、共産党,リニア中央新幹線,0.13,自民党、国民民主党,0.3,0.2,0.05,0.12,0.05,0.1,0.05,0.13,トヨタ自動車を核とした自動車産業の一大集積、EV転換による産業構造変化のリスク、外国人集住地域の多文化共生課題、リニア中央新幹線名古屋駅
愛知県6区,愛知県,23,6,自動車産業・製造業の構造転換,0.28,自民党、国民民主党,外国人労働者との共生,0.15,立憲民主党、公明党、共産党,リニア中央新幹線,0.13,自民党、国民民主党,0.3,0.2,0.05,0.12,0.05,0.1,0.05,0.13,トヨタ自動車を核とした自動車産業の一大集積、EV転換による産業構造変化のリスク、外国人集住地域の多文化共生課題、リニア中央新幹線名古屋駅
愛知県7区,愛知県,23,7,自動車産業・製造業の構造転換,0.28,自民党、国民民主党,外国人労働者との共生,0.15,立憲民主党、公明党、共産党,リニア中央新幹線,0.13,自民党、国民民主党,0.3,0.2,0.05,0.12,0.05,0.1,0.05,0.13,トヨタ自動車を核とした自動車産業の一大集積、EV転換による産業構造変化のリスク、外国人集住地域の多文化共生課題、リニア中央新幹線名古屋駅
愛知県8区,愛知県,23,8,自動車産業・製造業の構造転換,0.28,自民党、国民民主党,外国人労働者との共生,0.15,立憲民主党、公明党、共産党,リニア中央新幹線,0.13,自民党、国民民主党,0.3,0.2,0.05,0.12,0.05,0.1,0.05,0.13,トヨタ自動車を核とした自動車産業の一大集積、EV転換による産業構造変化のリスク、外国人集住地域の多文化共生課題、リニア中央新幹線名古屋駅
愛知県9区,愛知県,23,9,自動車産業・製造業の構造転換,0.28,自民党、国民民主党,外国人労働者との共生,0.15,立憲民主党、公明党、共産党,リニア中央新幹線,0.13,自民党、国民民主党,0.3,0.2,0.05,0.12,0.05,0.1,0.05,0.13,トヨタ自動車を核とした自動車産業の一大集積、EV転換による産業構造変化のリスク、外国人集住地域の多文化共生課題、リニア中央新幹線名古屋駅
愛知県10区,愛知県,23,10,自動車産業・製造業の構造転換,0.28,自民党、国民民主党,外国人労働者との共生,0.15,立憲民主党、公明党、共産党,リニア中央新幹線,0.13,自民党、国民民主党,0.3,0.2,0.05,0.12,0.05,0.1,0.05,0.13,トヨタ自動車を核とした自動車産業の一大集積、EV転換による産業構造変化のリスク、外国人集住地域の多文化共生課題、リニア中央新幹線名古屋駅
愛知県11区,愛知県,23,11,自動車産業・製造業の構造転換,0.28,自民党、国民民主党,外国人労働者との共生,0.15,立憲民主党、公明党、共産党,リニア中央新幹線,0.13,自民党、国民民主党,0.3,0.2,0.05,0.12,0.05,0.1,0.05,0.13,トヨタ自動車を核とした自動車産業の一大集積、EV転換による産業構造変化のリスク、外国人集住地域の多文化共生課題、リニア中央新幹線名古屋駅
愛知県12区,愛知県,23,12,自動車産業・製造業の構造転換,0.28,自民党、国民民主党,外国人労働者との共生,0.15,立憲民主党、公明党、共産党,リニア中央新幹線,0.13,自民党、国民民主党,0.3,0.2,0.05,0.12,0.05,0.1,0.05,0.13,トヨタ自動車を核とした自動車産業の一大集積、EV転換による産業構造変化のリスク、外国人集住地域の多文化共生課題、リニア中央新幹線名古屋駅
愛知県13区,愛知県,23,13,自動車産業・製造業の構造転換,0.28,自民党、国民民主党,外国人労働者との共生,0.15,立憲民主党、公明党、共産党,リニア中央新幹線,0.13,自民党、国民民主党,0.3,0.2,0.05,0.12,0.05,0.1,0.05,0.13,トヨタ自動車を核とした自動車産業の一大集積、EV転換による産業構造変化のリスク、外国人集住地域の多文化共生課題、リニア中央新幹線名古屋駅
愛知県14区,愛知県,23,14,自動車産業・製造業の構造転換,0.28,自民党、国民民主党,外国人労働者との共生,0.15,立憲民主党、公明党、共産党,リニア中央新幹線,0.13,自民党、国民民主党,0.3,0.2,0.05,0.12,0.05,0.1,0.05,0.13,トヨタ自動車を核とした自動車産業の一大集積、EV転換による産業構造変化のリスク、外国人集住地域の多文化共生課題、リニア中央新幹線名古屋駅
愛知県15区,愛知県,23,15,自動車産業・製造業の構造転換,0.28,自民党、国民民主党,外国人労働者との共生,0.15,立憲民主党、公明党、共産党,リニア中央新幹線,0.13,自民党、国民民主党,0.3,0.2,0.05,0.12,0.05,0.1,0.05,0.13,トヨタ自動車を核とした自動車産業の一大集積、EV転換による産業構造変化のリスク、外国人集住地域の多文化共生課題、リニア中央新幹線名古屋駅
三重県1区,三重県,24,1,製造業振興,0.2,自民党、国民民主党,観光振興,0.18,自民党、日本維新の会,南海トラフ地震対策,0.18,自民党、公明党,0.25,0.18,0.05,0.08,0.07,0.18,0.04,0.15,伊勢神宮の観光・文化的重要性、南海トラフ地震の被害想定大、石油化学コンビナート（四日市）、世界遺産・熊野古道
三重県2区,三重県,24,2,製造業振興,0.2,自民党、国民民主党,観光振興,0.18,自民党、日本維新の会,南海トラフ地震対策,0.18,自民党、公明党,0.25,0.18,0.05,0.08,0.07,0.18,0.04,0.15,伊勢神宮の観光・文化的重要性、南海トラフ地震の被害想定大、石油化学コンビナート（四日市）、世界遺産・熊野古道
三重県3区,三重県,24,3,製造業振興,0.2,自民党、国民民主党,観光振興,0.18,自民党、日本維新の会,南海トラフ地震対策,0.18,自民党、公明党,0.25,0.18,0.05,0.08,0.07,0.18,0.04,0.15,伊勢神宮の観光・文化的重要性、南海トラフ地震の被害想定大、石油化学コンビナート（四日市）、世界遺産・熊野古道
三重県4区,三重県,24,4,製造業振興,0.2,自民党、国民民主党,観光振興,0.18,自民党、日本維新の会,南海トラフ地震対策,0.18,自民党、公明党,0.25,0.18,0.05,0.08,0.07,0.18,0.04,0.15,伊勢神宮の観光・文化的重要性、南海トラフ地震の被害想定大、石油化学コンビナート（四日市）、世界遺産・熊野古道
三重県5区,三重県,24,5,製造業振興,0.2,自民党、国民民主党,観光振興,0.18,自民党、日本維新の会,南海トラフ地震対策,0.18,自民党、公明党,0.25,0.18,0.05,0.08,0.07,0.18,0.04,0.15,伊勢神宮の観光・文化的重要性、南海トラフ地震の被害想定大、石油化学コンビナート（四日市）、世界遺産・熊野古道
滋賀県1区,滋賀県,25,1,琵琶湖の環境保全,0.22,立憲民主党、共産党、社民党,製造業振興,0.18,自民党、国民民主党,子育て・教育,0.15,立憲民主党、公明党,0.22,0.2,0.05,0.15,0.18,0.1,0.03,0.07,琵琶湖の環境保全（近畿の水瓶）、数少ない人口増加県（近年減少に転換）、北陸新幹線延伸ルートの議論、製造業の県内総生産比率が高い
滋賀県2区,滋賀県,25,2,琵琶湖の環境保全,0.22,立憲民主党、共産党、社民党,製造業振興,0.18,自民党、国民民主党,子育て・教育,0.15,立憲民主党、公明党,0.22,0.2,0.05,0.15,0.18,0.1,0.03,0.07,琵琶湖の環境保全（近畿の水瓶）、数少ない人口増加県（近年減少に転換）、北陸新幹線延伸ルートの議論、製造業の県内総生産比率が高い
滋賀県3区,滋賀県,25,3,琵琶湖の環境保全,0.22,立憲民主党、共産党、社民党,製造業振興,0.18,自民党、国民民主党,子育て・教育,0.15,立憲民主党、公明党,0.22,0.2,0.05,0.15,0.18,0.1,0.03,0.07,琵琶湖の環境保全（近畿の水瓶）、数少ない人口増加県（近年減少に転換）、北陸新幹線延伸ルートの議論、製造業の県内総生産比率が高い
滋賀県4区,滋賀県,25,4,琵琶湖の環境保全,0.22,立憲民主党、共産党、社民党,製造業振興,0.18,自民党、国民民主党,子育て・教育,0.15,立憲民主党、公明党,0.22,0.2,0.05,0.15,0.18,0.1,0.03,0.07,琵琶湖の環境保全（近畿の水瓶）、数少ない人口増加県（近年減少に転換）、北陸新幹線延伸ルートの議論、製造業の県内総生産比率が高い
京都府1区,京都府,26,1,観光とオーバーツーリズム,0.22,自民党、立憲民主党、共産党,文化財保護・景観維持,0.15,自民党、共産党、立憲民主党,学術・研究振興,0.15,自民党、国民民主党、日本維新の会,0.25,0.2,0.05,0.18,0.08,0.15,0.04,0.05,オーバーツーリズム問題、共産党が強い独特の政治風土、大学・研究機関の集積、伝統産業の担い手不足、米軍Xバンドレーダー基地（経ヶ岬）
京都府2区,京都府,26,2,観光とオーバーツーリズム,0.22,自民党、立憲民主党、共産党,文化財保護・景観維持,0.15,自民党、共産党、立憲民主党,学術・研究振興,0.15,自民党、国民民主党、日本維新の会,0.25,0.2,0.05,0.18,0.08,0.15,0.04,0.05,オーバーツーリズム問題、共産党が強い独特の政治風土、大学・研究機関の集積、伝統産業の担い手不足、米軍Xバンドレーダー基地（経ヶ岬）
京都府3区,京都府,26,3,観光とオーバーツーリズム,0.22,自民党、立憲民主党、共産党,文化財保護・景観維持,0.15,自民党、共産党、立憲民主党,学術・研究振興,0.15,自民党、国民民主党、日本維新の会,0.25,0.2,0.05,0.18,0.08,0.15,0.04,0.05,オーバーツーリズム問題、共産党が強い独特の政治風土、大学・研究機関の集積、伝統産業の担い手不足、米軍Xバンドレーダー基地（経ヶ岬）
京都府4区,京都府,26,4,観光とオーバーツーリズム,0.22,自民党、立憲民主党、共産党,文化財保護・景観維持,0.15,自民党、共産党、立憲民主党,学術・研究振興,0.15,自民党、国民民主党、日本維新の会,0.25,0.2,0.05,0.18,0.08,0.15,0.04,0.05,オーバーツーリズム問題、共産党が強い独特の政治風土、大学・研究機関の集積、伝統産業の担い手不足、米軍Xバンドレーダー基地（経ヶ岬）
京都府5区,京都府,26,5,観光とオーバーツーリズム,0.22,自民党、立憲民主党、共産党,文化財保護・景観維持,0.15,自民党、共産党、立憲民主党,学術・研究振興,0.15,自民党、国民民主党、日本維新の会,0.25,0.2,0.05,0.18,0.08,0.15,0.04,0.05,オーバーツーリズム問題、共産党が強い独特の政治風土、大学・研究機関の集積、伝統産業の担い手不足、米軍Xバンドレーダー基地（経ヶ岬）
京都府6区,京都府,26,6,観光とオーバーツーリズム,0.22,自民党、立憲民主党、共産党,文化財保護・景観維持,0.15,自民党、共産党、立憲民主党,学術・研究振興,0.15,自民党、国民民主党、日本維新の会,0.25,0.2,0.05,0.18,0.08,0.15,0.04,0.05,オーバーツーリズム問題、共産党が強い独特の政治風土、大学・研究機関の集積、伝統産業の担い手不足、米軍Xバンドレーダー基地（経ヶ岬）
大阪府1区,大阪府,27,1,経済再生・成長戦略,0.25,日本維新の会、自民党、国民民主党,万博・IR（カジノ）,0.2,日本維新の会、自民党,都市インフラ・交通,0.13,日本維新の会、自民党、公明党,0.3,0.22,0.05,0.15,0.03,0.1,0.08,0.07,2025年大阪・関西万博、IR（統合型リゾート）推進、維新の会の地盤・改革路線、大阪都構想の残影、中小企業の街としての特性
大阪府2区,大阪府,27,2,経済再生・成長戦略,0.25,日本維新の会、自民党、国民民主党,万博・IR（カジノ）,0.2,日本維新の会、自民党,都市インフラ・交通,0.13,日本維新の会、自民党、公明党,0.3,0.22,0.05,0.15,0.03,0.1,0.08,0.07,2025年大阪・関西万博、IR（統合型リゾート）推進、維新の会の地盤・改革路線、大阪都構想の残影、中小企業の街としての特性
大阪府3区,大阪府,27,3,経済再生・成長戦略,0.25,日本維新の会、自民党、国民民主党,万博・IR（カジノ）,0.2,日本維新の会、自民党,都市インフラ・交通,0.13,日本維新の会、自民党、公明党,0.3,0.22,0.05,0.15,0.03,0.1,0.08,0.07,2025年大阪・関西万博、IR（統合型リゾート）推進、維新の会の地盤・改革路線、大阪都構想の残影、中小企業の街としての特性
大阪府4区,大阪府,27,4,経済再生・成長戦略,0.25,日本維新の会、自民党、国民民主党,万博・IR（カジノ）,0.2,日本維新の会、自民党,都市インフラ・交通,0.13,日本維新の会、自民党、公明党,0.3,0.22,0.05,0.15,0.03,0.1,0.08,0.07,2025年大阪・関西万博、IR（統合型リゾート）推進、維新の会の地盤・改革路線、大阪都構想の残影、中小企業の街としての特性
大阪府5区,大阪府,27,5,経済再生・成長戦略,0.25,日本維新の会、自民党、国民民主党,万博・IR（カジノ）,0.2,日本維新の会、自民党,都市インフラ・交通,0.13,日本維新の会、自民党、公明党,0.3,0.22,0.05,0.15,0.03,0.1,0.08,0.07,2025年大阪・関西万博、IR（統合型リゾート）推進、維新の会の地盤・改革路線、大阪都構想の残影、中小企業の街としての特性
大阪府6区,大阪府,27,6,経済再生・成長戦略,0.25,日本維新の会、自民党、国民民主党,万博・IR（カジノ）,0.2,日本維新の会、自民党,都市インフラ・交通,0.13,日本維新の会、自民党、公明党,0.3,0.22,0.05,0.15,0.03,0.1,0.08,0.07,2025年大阪・関西万博、IR（統合型リゾート）推進、維新の会の地盤・改革路線、大阪都構想の残影、中小企業の街としての特性
大阪府7区,大阪府,27,7,経済再生・成長戦略,0.25,日本維新の会、自民党、国民民主党,万博・IR（カジノ）,0.2,日本維新の会、自民党,都市インフラ・交通,0.13,日本維新の会、自民党、公明党,0.3,0.22,0.05,0.15,0.03,0.1,0.08,0.07,2025年大阪・関西万博、IR（統合型リゾート）推進、維新の会の地盤・改革路線、大阪都構想の残影、中小企業の街としての特性
大阪府8区,大阪府,27,8,経済再生・成長戦略,0.25,日本維新の会、自民党、国民民主党,万博・IR（カジノ）,0.2,日本維新の会、自民党,都市インフラ・交通,0.13,日本維新の会、自民党、公明党,0.3,0.22,0.05,0.15,0.03,0.1,0.08,0.07,2025年大阪・関西万博、IR（統合型リゾート）推進、維新の会の地盤・改革路線、大阪都構想の残影、中小企業の街としての特性
大阪府9区,大阪府,27,9,経済再生・成長戦略,0.25,日本維新の会、自民党、国民民主党,万博・IR（カジノ）,0.2,日本維新の会、自民党,都市インフラ・交通,0.13,日本維新の会、自民党、公明党,0.3,0.22,0.05,0.15,0.03,0.1,0.08,0.07,2025年大阪・関西万博、IR（統合型リゾート）推進、維新の会の地盤・改革路線、大阪都構想の残影、中小企業の街としての特性
大阪府10区,大阪府,27,10,経済再生・成長戦略,0.25,日本維新の会、自民党、国民民主党,万博・IR（カジノ）,0.2,日本維新の会、自民党,都市インフラ・交通,0.13,日本維新の会、自民党、公明党,0.3,0.22,0.05,0.15,0.03,0.1,0.08,0.07,2025年大阪・関西万博、IR（統合型リゾート）推進、維新の会の地盤・改革路線、大阪都構想の残影、中小企業の街としての特性
大阪府11区,大阪府,27,11,経済再生・成長戦略,0.25,日本維新の会、自民党、国民民主党,万博・IR（カジノ）,0.2,日本維新の会、自民党,都市インフラ・交通,0.13,日本維新の会、自民党、公明党,0.3,0.22,0.05,0.15,0.03,0.1,0.08,0.07,2025年大阪・関西万博、IR（統合型リゾート）推進、維新の会の地盤・改革路線、大阪都構想の残影、中小企業の街としての特性
大阪府12区,大阪府,27,12,経済再生・成長戦略,0.25,日本維新の会、自民党、国民民主党,万博・IR（カジノ）,0.2,日本維新の会、自民党,都市インフラ・交通,0.13,日本維新の会、自民党、公明党,0.3,0.22,0.05,0.15,0.03,0.1,0.08,0.07,2025年大阪・関西万博、IR（統合型リゾート）推進、維新の会の地盤・改革路線、大阪都構想の残影、中小企業の街としての特性
大阪府13区,大阪府,27,13,経済再生・成長戦略,0.25,日本維新の会、自民党、国民民主党,万博・IR（カジノ）,0.2,日本維新の会、自民党,都市インフラ・交通,0.13,日本維新の会、自民党、公明党,0.3,0.22,0.05,0.15,0.03,0.1,0.08,0.07,2025年大阪・関西万博、IR（統合型リゾート）推進、維新の会の地盤・改革路線、大阪都構想の残影、中小企業の街としての特性
大阪府14区,大阪府,27,14,経済再生・成長戦略,0.25,日本維新の会、自民党、国民民主党,万博・IR（カジノ）,0.2,日本維新の会、自民党,都市インフラ・交通,0.13,日本維新の会、自民党、公明党,0.3,0.22,0.05,0.15,0.03,0.1,0.08,0.07,2025年大阪・関西万博、IR（統合型リゾート）推進、維新の会の地盤・改革路線、大阪都構想の残影、中小企業の街としての特性
大阪府15区,大阪府,27,15,経済再生・成長戦略,0.25,日本維新の会、自民党、国民民主党,万博・IR（カジノ）,0.2,日本維新の会、自民党,都市インフラ・交通,0.13,日本維新の会、自民党、公明党,0.3,0.22,0.05,0.15,0.03,0.1,0.08,0.07,2025年大阪・関西万博、IR（統合型リゾート）推進、維新の会の地盤・改革路線、大阪都構想の残影、中小企業の街としての特性
大阪府16区,大阪府,27,16,経済再生・成長戦略,0.25,日本維新の会、自民党、国民民主党,万博・IR（カジノ）,0.2,日本維新の会、自民党,都市インフラ・交通,0.13,日本維新の会、自民党、公明党,0.3,0.22,0.05,0.15,0.03,0.1,0.08,0.07,2025年大阪・関西万博、IR（統合型リゾート）推進、維新の会の地盤・改革路線、大阪都構想の残影、中小企業の街としての特性
大阪府17区,大阪府,27,17,経済再生・成長戦略,0.25,日本維新の会、自民党、国民民主党,万博・IR（カジノ）,0.2,日本維新の会、自民党,都市インフラ・交通,0.13,日本維新の会、自民党、公明党,0.3,0.22,0.05,0.15,0.03,0.1,0.08,0.07,2025年大阪・関西万博、IR（統合型リゾート）推進、維新の会の地盤・改革路線、大阪都構想の残影、中小企業の街としての特性
大阪府18区,大阪府,27,18,経済再生・成長戦略,0.25,日本維新の会、自民党、国民民主党,万博・IR（カジノ）,0.2,日本維新の会、自民党,都市インフラ・交通,0.13,日本維新の会、自民党、公明党,0.3,0.22,0.05,0.15,0.03,0.1,0.08,0.07,2025年大阪・関西万博、IR（統合型リゾート）推進、維新の会の地盤・改革路線、大阪都構想の残影、中小企業の街としての特性
大阪府19区,大阪府,27,19,経済再生・成長戦略,0.25,日本維新の会、自民党、国民民主党,万博・IR（カジノ）,0.2,日本維新の会、自民党,都市インフラ・交通,0.13,日本維新の会、自民党、公明党,0.3,0.22,0.05,0.15,0.03,0.1,0.08,0.07,2025年大阪・関西万博、IR（統合型リゾート）推進、維新の会の地盤・改革路線、大阪都構想の残影、中小企業の街としての特性
兵庫県1区,兵庫県,28,1,経済・産業振興,0.22,自民党、日本維新の会、国民民主党,防災・震災の教訓,0.18,自民党、公明党,人口減少・地域格差,0.15,自民党、立憲民主党,0.25,0.22,0.05,0.13,0.05,0.13,0.05,0.12,阪神淡路大震災の経験と教訓、神戸港の国際物流拠点としての役割、県知事選の政治的注目度、県南北の大きな地域格差
兵庫県2区,兵庫県,28,2,経済・産業振興,0.22,自民党、日本維新の会、国民民主党,防災・震災の教訓,0.18,自民党、公明党,人口減少・地域格差,0.15,自民党、立憲民主党,0.25,0.22,0.05,0.13,0.05,0.13,0.05,0.12,阪神淡路大震災の経験と教訓、神戸港の国際物流拠点としての役割、県知事選の政治的注目度、県南北の大きな地域格差
兵庫県3区,兵庫県,28,3,経済・産業振興,0.22,自民党、日本維新の会、国民民主党,防災・震災の教訓,0.18,自民党、公明党,人口減少・地域格差,0.15,自民党、立憲民主党,0.25,0.22,0.05,0.13,0.05,0.13,0.05,0.12,阪神淡路大震災の経験と教訓、神戸港の国際物流拠点としての役割、県知事選の政治的注目度、県南北の大きな地域格差
兵庫県4区,兵庫県,28,4,経済・産業振興,0.22,自民党、日本維新の会、国民民主党,防災・震災の教訓,0.18,自民党、公明党,人口減少・地域格差,0.15,自民党、立憲民主党,0.25,0.22,0.05,0.13,0.05,0.13,0.05,0.12,阪神淡路大震災の経験と教訓、神戸港の国際物流拠点としての役割、県知事選の政治的注目度、県南北の大きな地域格差
兵庫県5区,兵庫県,28,5,経済・産業振興,0.22,自民党、日本維新の会、国民民主党,防災・震災の教訓,0.18,自民党、公明党,人口減少・地域格差,0.15,自民党、立憲民主党,0.25,0.22,0.05,0.13,0.05,0.13,0.05,0.12,阪神淡路大震災の経験と教訓、神戸港の国際物流拠点としての役割、県知事選の政治的注目度、県南北の大きな地域格差
兵庫県6区,兵庫県,28,6,経済・産業振興,0.22,自民党、日本維新の会、国民民主党,防災・震災の教訓,0.18,自民党、公明党,人口減少・地域格差,0.15,自民党、立憲民主党,0.25,0.22,0.05,0.13,0.05,0.13,0.05,0.12,阪神淡路大震災の経験と教訓、神戸港の国際物流拠点としての役割、県知事選の政治的注目度、県南北の大きな地域格差
兵庫県7区,兵庫県,28,7,経済・産業振興,0.22,自民党、日本維新の会、国民民主党,防災・震災の教訓,0.18,自民党、公明党,人口減少・地域格差,0.15,自民党、立憲民主党,0.25,0.22,0.05,0.13,0.05,0.13,0.05,0.12,阪神淡路大震災の経験と教訓、神戸港の国際物流拠点としての役割、県知事選の政治的注目度、県南北の大きな地域格差
兵庫県8区,兵庫県,28,8,経済・産業振興,0.22,自民党、日本維新の会、国民民主党,防災・震災の教訓,0.18,自民党、公明党,人口減少・地域格差,0.15,自民党、立憲民主党,0.25,0.22,0.05,0.13,0.05,0.13,0.05,0.12,阪神淡路大震災の経験と教訓、神戸港の国際物流拠点としての役割、県知事選の政治的注目度、県南北の大きな地域格差
兵庫県9区,兵庫県,28,9,経済・産業振興,0.22,自民党、日本維新の会、国民民主党,防災・震災の教訓,0.18,自民党、公明党,人口減少・地域格差,0.15,自民党、立憲民主党,0.25,0.22,0.05,0.13,0.05,0.13,0.05,0.12,阪神淡路大震災の経験と教訓、神戸港の国際物流拠点としての役割、県知事選の政治的注目度、県南北の大きな地域格差
兵庫県10区,兵庫県,28,10,経済・産業振興,0.22,自民党、日本維新の会、国民民主党,防災・震災の教訓,0.18,自民党、公明党,人口減少・地域格差,0.15,自民党、立憲民主党,0.25,0.22,0.05,0.13,0.05,0.13,0.05,0.12,阪神淡路大震災の経験と教訓、神戸港の国際物流拠点としての役割、県知事選の政治的注目度、県南北の大きな地域格差
兵庫県11区,兵庫県,28,11,経済・産業振興,0.22,自民党、日本維新の会、国民民主党,防災・震災の教訓,0.18,自民党、公明党,人口減少・地域格差,0.15,自民党、立憲民主党,0.25,0.22,0.05,0.13,0.05,0.13,0.05,0.12,阪神淡路大震災の経験と教訓、神戸港の国際物流拠点としての役割、県知事選の政治的注目度、県南北の大きな地域格差
兵庫県12区,兵庫県,28,12,経済・産業振興,0.22,自民党、日本維新の会、国民民主党,防災・震災の教訓,0.18,自民党、公明党,人口減少・地域格差,0.15,自民党、立憲民主党,0.25,0.22,0.05,0.13,0.05,0.13,0.05,0.12,阪神淡路大震災の経験と教訓、神戸港の国際物流拠点としての役割、県知事選の政治的注目度、県南北の大きな地域格差
奈良県1区,奈良県,29,1,観光・文化財活用,0.25,自民党、日本維新の会,文化財保護,0.18,自民党、立憲民主党,人口減少対策,0.17,自民党、日本維新の会,0.22,0.22,0.05,0.1,0.1,0.22,0.03,0.06,世界遺産群の保全と活用、大阪のベッドタウン的性格、維新の会の影響力拡大、奈良公園の鹿と観光マネジメント
奈良県2区,奈良県,29,2,観光・文化財活用,0.25,自民党、日本維新の会,文化財保護,0.18,自民党、立憲民主党,人口減少対策,0.17,自民党、日本維新の会,0.22,0.22,0.05,0.1,0.1,0.22,0.03,0.06,世界遺産群の保全と活用、大阪のベッドタウン的性格、維新の会の影響力拡大、奈良公園の鹿と観光マネジメント
奈良県3区,奈良県,29,3,観光・文化財活用,0.25,自民党、日本維新の会,文化財保護,0.18,自民党、立憲民主党,人口減少対策,0.17,自民党、日本維新の会,0.22,0.22,0.05,0.1,0.1,0.22,0.03,0.06,世界遺産群の保全と活用、大阪のベッドタウン的性格、維新の会の影響力拡大、奈良公園の鹿と観光マネジメント
奈良県4区,奈良県,29,4,観光・文化財活用,0.25,自民党、日本維新の会,文化財保護,0.18,自民党、立憲民主党,人口減少対策,0.17,自民党、日本維新の会,0.22,0.22,0.05,0.1,0.1,0.22,0.03,0.06,世界遺産群の保全と活用、大阪のベッドタウン的性格、維新の会の影響力拡大、奈良公園の鹿と観光マネジメント
和歌山県1区,和歌山県,30,1,人口減少・過疎化,0.25,自民党、立憲民主党,防災,0.2,自民党、公明党,観光・世界遺産活用,0.15,自民党、日本維新の会,0.2,0.22,0.05,0.07,0.08,0.2,0.03,0.15,南海トラフ地震の津波被害想定大、熊野古道・高野山の世界遺産、二階俊博氏の政治的影響力、紀伊半島の交通アクセス問題
和歌山県2区,和歌山県,30,2,人口減少・過疎化,0.25,自民党、立憲民主党,防災,0.2,自民党、公明党,観光・世界遺産活用,0.15,自民党、日本維新の会,0.2,0.22,0.05,0.07,0.08,0.2,0.03,0.15,南海トラフ地震の津波被害想定大、熊野古道・高野山の世界遺産、二階俊博氏の政治的影響力、紀伊半島の交通アクセス問題
和歌山県3区,和歌山県,30,3,人口減少・過疎化,0.25,自民党、立憲民主党,防災,0.2,自民党、公明党,観光・世界遺産活用,0.15,自民党、日本維新の会,0.2,0.22,0.05,0.07,0.08,0.2,0.03,0.15,南海トラフ地震の津波被害想定大、熊野古道・高野山の世界遺産、二階俊博氏の政治的影響力、紀伊半島の交通アクセス問題
鳥取県1区,鳥取県,31,1,人口減少（全国最少）,0.28,自民党、立憲民主党,農林水産業振興,0.18,自民党、国民民主党,観光振興,0.15,自民党、日本維新の会,0.2,0.25,0.05,0.08,0.07,0.27,0.02,0.06,全国最少人口県、まんが王国とっとり構想、石破茂氏の地盤、鳥取砂丘と自然環境の保全
鳥取県2区,鳥取県,31,2,人口減少（全国最少）,0.28,自民党、立憲民主党,農林水産業振興,0.18,自民党、国民民主党,観光振興,0.15,自民党、日本維新の会,0.2,0.25,0.05,0.08,0.07,0.27,0.02,0.06,全国最少人口県、まんが王国とっとり構想、石破茂氏の地盤、鳥取砂丘と自然環境の保全
島根県1区,島根県,32,1,人口減少・過疎化,0.28,自民党、立憲民主党,島根原発問題,0.15,立憲民主党、共産党、れいわ新選組,観光振興,0.13,自民党、日本維新の会,0.18,0.25,0.1,0.07,0.07,0.25,0.03,0.05,竹島（独島）の領有権問題、島根原発の立地（県庁所在地近接）、出雲大社を核とした観光、保守王国としての政治風土
島根県2区,島根県,32,2,人口減少・過疎化,0.28,自民党、立憲民主党,島根原発問題,0.15,立憲民主党、共産党、れいわ新選組,観光振興,0.13,自民党、日本維新の会,0.18,0.25,0.1,0.07,0.07,0.25,0.03,0.05,竹島（独島）の領有権問題、島根原発の立地（県庁所在地近接）、出雲大社を核とした観光、保守王国としての政治風土
岡山県1区,岡山県,33,1,製造業振興,0.22,自民党、国民民主党,西日本豪雨からの復興,0.18,自民党、立憲民主党、公明党,農業振興,0.15,自民党、国民民主党,0.25,0.2,0.05,0.12,0.05,0.17,0.04,0.12,2018年西日本豪雨の被災経験、水島コンビナートの産業集積、晴れの国としての気候メリット、移住先人気ランキング上位
岡山県2区,岡山県,33,2,製造業振興,0.22,自民党、国民民主党,西日本豪雨からの復興,0.18,自民党、立憲民主党、公明党,農業振興,0.15,自民党、国民民主党,0.25,0.2,0.05,0.12,0.05,0.17,0.04,0.12,2018年西日本豪雨の被災経験、水島コンビナートの産業集積、晴れの国としての気候メリット、移住先人気ランキング上位
岡山県3区,岡山県,33,3,製造業振興,0.22,自民党、国民民主党,西日本豪雨からの復興,0.18,自民党、立憲民主党、公明党,農業振興,0.15,自民党、国民民主党,0.25,0.2,0.05,0.12,0.05,0.17,0.04,0.12,2018年西日本豪雨の被災経験、水島コンビナートの産業集積、晴れの国としての気候メリット、移住先人気ランキング上位
岡山県4区,岡山県,33,4,製造業振興,0.22,自民党、国民民主党,西日本豪雨からの復興,0.18,自民党、立憲民主党、公明党,農業振興,0.15,自民党、国民民主党,0.25,0.2,0.05,0.12,0.05,0.17,0.04,0.12,2018年西日本豪雨の被災経験、水島コンビナートの産業集積、晴れの国としての気候メリット、移住先人気ランキング上位
岡山県5区,岡山県,33,5,製造業振興,0.22,自民党、国民民主党,西日本豪雨からの復興,0.18,自民党、立憲民主党、公明党,農業振興,0.15,自民党、国民民主党,0.25,0.2,0.05,0.12,0.05,0.17,0.04,0.12,2018年西日本豪雨の被災経験、水島コンビナートの産業集積、晴れの国としての気候メリット、移住先人気ランキング上位
広島県1区,広島県,34,1,平和政策・核兵器廃絶,0.22,立憲民主党、共産党、社民党,製造業振興,0.2,自民党、国民民主党,豪雨災害対策,0.15,自民党、公明党,0.25,0.2,0.12,0.1,0.05,0.12,0.05,0.11,被爆地としての平和発信、G7広島サミットの開催実績、マツダ等の製造業拠点、瀬戸内しまなみ海道の観光資源
広島県2区,広島県,34,2,平和政策・核兵器廃絶,0.22,立憲民主党、共産党、社民党,製造業振興,0.2,自民党、国民民主党,豪雨災害対策,0.15,自民党、公明党,0.25,0.2,0.12,0.1,0.05,0.12,0.05,0.11,被爆地としての平和発信、G7広島サミットの開催実績、マツダ等の製造業拠点、瀬戸内しまなみ海道の観光資源
広島県3区,広島県,34,3,平和政策・核兵器廃絶,0.22,立憲民主党、共産党、社民党,製造業振興,0.2,自民党、国民民主党,豪雨災害対策,0.15,自民党、公明党,0.25,0.2,0.12,0.1,0.05,0.12,0.05,0.11,被爆地としての平和発信、G7広島サミットの開催実績、マツダ等の製造業拠点、瀬戸内しまなみ海道の観光資源
広島県4区,広島県,34,4,平和政策・核兵器廃絶,0.22,立憲民主党、共産党、社民党,製造業振興,0.2,自民党、国民民主党,豪雨災害対策,0.15,自民党、公明党,0.25,0.2,0.12,0.1,0.05,0.12,0.05,0.11,被爆地としての平和発信、G7広島サミットの開催実績、マツダ等の製造業拠点、瀬戸内しまなみ海道の観光資源
広島県5区,広島県,34,5,平和政策・核兵器廃絶,0.22,立憲民主党、共産党、社民党,製造業振興,0.2,自民党、国民民主党,豪雨災害対策,0.15,自民党、公明党,0.25,0.2,0.12,0.1,0.05,0.12,0.05,0.11,被爆地としての平和発信、G7広島サミットの開催実績、マツダ等の製造業拠点、瀬戸内しまなみ海道の観光資源
広島県6区,広島県,34,6,平和政策・核兵器廃絶,0.22,立憲民主党、共産党、社民党,製造業振興,0.2,自民党、国民民主党,豪雨災害対策,0.15,自民党、公明党,0.25,0.2,0.12,0.1,0.05,0.12,0.05,0.11,被爆地としての平和発信、G7広島サミットの開催実績、マツダ等の製造業拠点、瀬戸内しまなみ海道の観光資源
広島県7区,広島県,34,7,平和政策・核兵器廃絶,0.22,立憲民主党、共産党、社民党,製造業振興,0.2,自民党、国民民主党,豪雨災害対策,0.15,自民党、公明党,0.25,0.2,0.12,0.1,0.05,0.12,0.05,0.11,被爆地としての平和発信、G7広島サミットの開催実績、マツダ等の製造業拠点、瀬戸内しまなみ海道の観光資源
山口県1区,山口県,35,1,産業振興・経済活性化,0.22,自民党、国民民主党,人口減少・過疎化,0.22,自民党、立憲民主党,米軍岩国基地問題,0.15,立憲民主党、共産党、社民党,0.23,0.22,0.12,0.07,0.07,0.2,0.05,0.04,多くの首相を輩出した政治風土、米軍岩国基地の機能強化、上関原発建設問題、瀬戸内海側の工業集積
山口県2区,山口県,35,2,産業振興・経済活性化,0.22,自民党、国民民主党,人口減少・過疎化,0.22,自民党、立憲民主党,米軍岩国基地問題,0.15,立憲民主党、共産党、社民党,0.23,0.22,0.12,0.07,0.07,0.2,0.05,0.04,多くの首相を輩出した政治風土、米軍岩国基地の機能強化、上関原発建設問題、瀬戸内海側の工業集積
山口県3区,山口県,35,3,産業振興・経済活性化,0.22,自民党、国民民主党,人口減少・過疎化,0.22,自民党、立憲民主党,米軍岩国基地問題,0.15,立憲民主党、共産党、社民党,0.23,0.22,0.12,0.07,0.07,0.2,0.05,0.04,多くの首相を輩出した政治風土、米軍岩国基地の機能強化、上関原発建設問題、瀬戸内海側の工業集積
山口県4区,山口県,35,4,産業振興・経済活性化,0.22,自民党、国民民主党,人口減少・過疎化,0.22,自民党、立憲民主党,米軍岩国基地問題,0.15,立憲民主党、共産党、社民党,0.23,0.22,0.12,0.07,0.07,0.2,0.05,0.04,多くの首相を輩出した政治風土、米軍岩国基地の機能強化、上関原発建設問題、瀬戸内海側の工業集積
徳島県1区,徳島県,36,1,人口減少・過疎化,0.25,自民党、立憲民主党,南海トラフ地震対策,0.2,自民党、公明党,DX・サテライトオフィス,0.15,自民党、国民民主党、日本維新の会,0.2,0.22,0.05,0.08,0.07,0.22,0.03,0.13,神山町のサテライトオフィス先進事例、南海トラフ地震の大被害想定、阿波踊り等の文化資源、四国新幹線構想
徳島県2区,徳島県,36,2,人口減少・過疎化,0.25,自民党、立憲民主党,南海トラフ地震対策,0.2,自民党、公明党,DX・サテライトオフィス,0.15,自民党、国民民主党、日本維新の会,0.2,0.22,0.05,0.08,0.07,0.22,0.03,0.13,神山町のサテライトオフィス先進事例、南海トラフ地震の大被害想定、阿波踊り等の文化資源、四国新幹線構想
香川県1区,香川県,37,1,人口減少対策,0.22,自民党、立憲民主党,水資源問題,0.15,自民党、公明党,観光振興,0.15,自民党、日本維新の会,0.22,0.22,0.05,0.08,0.1,0.18,0.03,0.12,日本一面積が小さい県、渇水問題（早明浦ダム依存）、瀬戸内国際芸術祭のアート観光、うどん県としてのブランド力
香川県2区,香川県,37,2,人口減少対策,0.22,自民党、立憲民主党,水資源問題,0.15,自民党、公明党,観光振興,0.15,自民党、日本維新の会,0.22,0.22,0.05,0.08,0.1,0.18,0.03,0.12,日本一面積が小さい県、渇水問題（早明浦ダム依存）、瀬戸内国際芸術祭のアート観光、うどん県としてのブランド力
香川県3区,香川県,37,3,人口減少対策,0.22,自民党、立憲民主党,水資源問題,0.15,自民党、公明党,観光振興,0.15,自民党、日本維新の会,0.22,0.22,0.05,0.08,0.1,0.18,0.03,0.12,日本一面積が小さい県、渇水問題（早明浦ダム依存）、瀬戸内国際芸術祭のアート観光、うどん県としてのブランド力
愛媛県1区,愛媛県,38,1,人口減少・過疎化,0.22,自民党、立憲民主党,農業振興,0.18,自民党、国民民主党,伊方原発問題,0.15,立憲民主党、共産党、れいわ新選組,0.22,0.22,0.05,0.08,0.08,0.2,0.03,0.12,伊方原子力発電所、柑橘類生産量全国トップクラス、しまなみ海道のサイクリング観光、2018年西日本豪雨の被害経験
愛媛県2区,愛媛県,38,2,人口減少・過疎化,0.22,自民党、立憲民主党,農業振興,0.18,自民党、国民民主党,伊方原発問題,0.15,立憲民主党、共産党、れいわ新選組,0.22,0.22,0.05,0.08,0.08,0.2,0.03,0.12,伊方原子力発電所、柑橘類生産量全国トップクラス、しまなみ海道のサイクリング観光、2018年西日本豪雨の被害経験
愛媛県3区,愛媛県,38,3,人口減少・過疎化,0.22,自民党、立憲民主党,農業振興,0.18,自民党、国民民主党,伊方原発問題,0.15,立憲民主党、共産党、れいわ新選組,0.22,0.22,0.05,0.08,0.08,0.2,0.03,0.12,伊方原子力発電所、柑橘類生産量全国トップクラス、しまなみ海道のサイクリング観光、2018年西日本豪雨の被害経験
愛媛県4区,愛媛県,38,4,人口減少・過疎化,0.22,自民党、立憲民主党,農業振興,0.18,自民党、国民民主党,伊方原発問題,0.15,立憲民主党、共産党、れいわ新選組,0.22,0.22,0.05,0.08,0.08,0.2,0.03,0.12,伊方原子力発電所、柑橘類生産量全国トップクラス、しまなみ海道のサイクリング観光、2018年西日本豪雨の被害経験
高知県1区,高知県,39,1,南海トラフ地震・津波対策,0.28,自民党、公明党,人口減少・過疎化,0.25,自民党、立憲民主党,農林水産業振興,0.13,自民党、国民民主党,0.17,0.22,0.05,0.07,0.05,0.22,0.02,0.2,南海トラフ地震の最大被害想定地域、全国有数の人口減少率、カツオの一本釣り漁業文化、四国新幹線構想、中山間地域の集落維持問題
高知県2区,高知県,39,2,南海トラフ地震・津波対策,0.28,自民党、公明党,人口減少・過疎化,0.25,自民党、立憲民主党,農林水産業振興,0.13,自民党、国民民主党,0.17,0.22,0.05,0.07,0.05,0.22,0.02,0.2,南海トラフ地震の最大被害想定地域、全国有数の人口減少率、カツオの一本釣り漁業文化、四国新幹線構想、中山間地域の集落維持問題
福岡県1区,福岡県,40,1,経済成長・スタートアップ,0.25,自民党、日本維新の会、国民民主党,都市インフラ,0.15,自民党、日本維新の会,子育て・教育,0.15,立憲民主党、公明党,0.28,0.22,0.08,0.13,0.05,0.12,0.05,0.07,福岡市のスタートアップ特区、福岡市と北九州市の二極構造、アジアへのゲートウェイ機能、旧産炭地域の課題
福岡県2区,福岡県,40,2,経済成長・スタートアップ,0.25,自民党、日本維新の会、国民民主党,都市インフラ,0.15,自民党、日本維新の会,子育て・教育,0.15,立憲民主党、公明党,0.28,0.22,0.08,0.13,0.05,0.12,0.05,0.07,福岡市のスタートアップ特区、福岡市と北九州市の二極構造、アジアへのゲートウェイ機能、旧産炭地域の課題
福岡県3区,福岡県,40,3,経済成長・スタートアップ,0.25,自民党、日本維新の会、国民民主党,都市インフラ,0.15,自民党、日本維新の会,子育て・教育,0.15,立憲民主党、公明党,0.28,0.22,0.08,0.13,0.05,0.12,0.05,0.07,福岡市のスタートアップ特区、福岡市と北九州市の二極構造、アジアへのゲートウェイ機能、旧産炭地域の課題
福岡県4区,福岡県,40,4,経済成長・スタートアップ,0.25,自民党、日本維新の会、国民民主党,都市インフラ,0.15,自民党、日本維新の会,子育て・教育,0.15,立憲民主党、公明党,0.28,0.22,0.08,0.13,0.05,0.12,0.05,0.07,福岡市のスタートアップ特区、福岡市と北九州市の二極構造、アジアへのゲートウェイ機能、旧産炭地域の課題
福岡県5区,福岡県,40,5,経済成長・スタートアップ,0.25,自民党、日本維新の会、国民民主党,都市インフラ,0.15,自民党、日本維新の会,子育て・教育,0.15,立憲民主党、公明党,0.28,0.22,0.08,0.13,0.05,0.12,0.05,0.07,福岡市のスタートアップ特区、福岡市と北九州市の二極構造、アジアへのゲートウェイ機能、旧産炭地域の課題
福岡県6区,福岡県,40,6,経済成長・スタートアップ,0.25,自民党、日本維新の会、国民民主党,都市インフラ,0.15,自民党、日本維新の会,子育て・教育,0.15,立憲民主党、公明党,0.28,0.22,0.08,0.13,0.05,0.12,0.05,0.07,福岡市のスタートアップ特区、福岡市と北九州市の二極構造、アジアへのゲートウェイ機能、旧産炭地域の課題
福岡県7区,福岡県,40,7,経済成長・スタートアップ,0.25,自民党、日本維新の会、国民民主党,都市インフラ,0.15,自民党、日本維新の会,子育て・教育,0.15,立憲民主党、公明党,0.28,0.22,0.08,0.13,0.05,0.12,0.05,0.07,福岡市のスタートアップ特区、福岡市と北九州市の二極構造、アジアへのゲートウェイ機能、旧産炭地域の課題
福岡県8区,福岡県,40,8,経済成長・スタートアップ,0.25,自民党、日本維新の会、国民民主党,都市インフラ,0.15,自民党、日本維新の会,子育て・教育,0.15,立憲民主党、公明党,0.28,0.22,0.08,0.13,0.05,0.12,0.05,0.07,福岡市のスタートアップ特区、福岡市と北九州市の二極構造、アジアへのゲートウェイ機能、旧産炭地域の課題
福岡県9区,福岡県,40,9,経済成長・スタートアップ,0.25,自民党、日本維新の会、国民民主党,都市インフラ,0.15,自民党、日本維新の会,子育て・教育,0.15,立憲民主党、公明党,0.28,0.22,0.08,0.13,0.05,0.12,0.05,0.07,福岡市のスタートアップ特区、福岡市と北九州市の二極構造、アジアへのゲートウェイ機能、旧産炭地域の課題
福岡県10区,福岡県,40,10,経済成長・スタートアップ,0.25,自民党、日本維新の会、国民民主党,都市インフラ,0.15,自民党、日本維新の会,子育て・教育,0.15,立憲民主党、公明党,0.28,0.22,0.08,0.13,0.05,0.12,0.05,0.07,福岡市のスタートアップ特区、福岡市と北九州市の二極構造、アジアへのゲートウェイ機能、旧産炭地域の課題
福岡県11区,福岡県,40,11,経済成長・スタートアップ,0.25,自民党、日本維新の会、国民民主党,都市インフラ,0.15,自民党、日本維新の会,子育て・教育,0.15,立憲民主党、公明党,0.28,0.22,0.08,0.13,0.05,0.12,0.05,0.07,福岡市のスタートアップ特区、福岡市と北九州市の二極構造、アジアへのゲートウェイ機能、旧産炭地域の課題
佐賀県1区,佐賀県,41,1,佐賀空港オスプレイ配備問題,0.2,立憲民主党、共産党、社民党,人口減少対策,0.2,自民党、立憲民主党,農業振興,0.15,自民党、国民民主党,0.2,0.22,0.1,0.08,0.12,0.18,0.03,0.07,佐賀空港へのオスプレイ配備問題、諫早湾干拓と有明海環境問題、有田焼等の伝統産業、九州新幹線西九州ルートの課題
佐賀県2区,佐賀県,41,2,佐賀空港オスプレイ配備問題,0.2,立憲民主党、共産党、社民党,人口減少対策,0.2,自民党、立憲民主党,農業振興,0.15,自民党、国民民主党,0.2,0.22,0.1,0.08,0.12,0.18,0.03,0.07,佐賀空港へのオスプレイ配備問題、諫早湾干拓と有明海環境問題、有田焼等の伝統産業、九州新幹線西九州ルートの課題
長崎県1区,長崎県,42,1,平和政策・核兵器廃絶,0.2,立憲民主党、共産党、社民党,人口減少・離島振興,0.22,自民党、立憲民主党,西九州新幹線の全線開通,0.15,自民党、公明党,0.2,0.22,0.12,0.08,0.05,0.22,0.05,0.06,被爆地としての平和発信、佐世保米軍基地、離島（五島列島・壱岐・対馬）の振興、西九州新幹線の全線開通問題、世界遺産（潜伏キリシタン関連遺産）
長崎県2区,長崎県,42,2,平和政策・核兵器廃絶,0.2,立憲民主党、共産党、社民党,人口減少・離島振興,0.22,自民党、立憲民主党,西九州新幹線の全線開通,0.15,自民党、公明党,0.2,0.22,0.12,0.08,0.05,0.22,0.05,0.06,被爆地としての平和発信、佐世保米軍基地、離島（五島列島・壱岐・対馬）の振興、西九州新幹線の全線開通問題、世界遺産（潜伏キリシタン関連遺産）
長崎県3区,長崎県,42,3,平和政策・核兵器廃絶,0.2,立憲民主党、共産党、社民党,人口減少・離島振興,0.22,自民党、立憲民主党,西九州新幹線の全線開通,0.15,自民党、公明党,0.2,0.22,0.12,0.08,0.05,0.22,0.05,0.06,被爆地としての平和発信、佐世保米軍基地、離島（五島列島・壱岐・対馬）の振興、西九州新幹線の全線開通問題、世界遺産（潜伏キリシタン関連遺産）
熊本県1区,熊本県,43,1,半導体産業（TSMC）誘致効果,0.25,自民党、国民民主党、日本維新の会,熊本地震からの復興,0.15,自民党、立憲民主党、公明党,交通インフラ,0.15,自民党、公明党,0.28,0.18,0.05,0.1,0.1,0.13,0.04,0.12,TSMC進出による半導体産業集積、TSMC関連の交通渋滞・地価高騰、熊本地震の復興、阿蘇山の火山防災と観光、地下水100%の水道
熊本県2区,熊本県,43,2,半導体産業（TSMC）誘致効果,0.25,自民党、国民民主党、日本維新の会,熊本地震からの復興,0.15,自民党、立憲民主党、公明党,交通インフラ,0.15,自民党、公明党,0.28,0.18,0.05,0.1,0.1,0.13,0.04,0.12,TSMC進出による半導体産業集積、TSMC関連の交通渋滞・地価高騰、熊本地震の復興、阿蘇山の火山防災と観光、地下水100%の水道
熊本県3区,熊本県,43,3,半導体産業（TSMC）誘致効果,0.25,自民党、国民民主党、日本維新の会,熊本地震からの復興,0.15,自民党、立憲民主党、公明党,交通インフラ,0.15,自民党、公明党,0.28,0.18,0.05,0.1,0.1,0.13,0.04,0.12,TSMC進出による半導体産業集積、TSMC関連の交通渋滞・地価高騰、熊本地震の復興、阿蘇山の火山防災と観光、地下水100%の水道
熊本県4区,熊本県,43,4,半導体産業（TSMC）誘致効果,0.25,自民党、国民民主党、日本維新の会,熊本地震からの復興,0.15,自民党、立憲民主党、公明党,交通インフラ,0.15,自民党、公明党,0.28,0.18,0.05,0.1,0.1,0.13,0.04,0.12,TSMC進出による半導体産業集積、TSMC関連の交通渋滞・地価高騰、熊本地震の復興、阿蘇山の火山防災と観光、地下水100%の水道
熊本県5区,熊本県,43,5,半導体産業（TSMC）誘致効果,0.25,自民党、国民民主党、日本維新の会,熊本地震からの復興,0.15,自民党、立憲民主党、公明党,交通インフラ,0.15,自民党、公明党,0.28,0.18,0.05,0.1,0.1,0.13,0.04,0.12,TSMC進出による半導体産業集積、TSMC関連の交通渋滞・地価高騰、熊本地震の復興、阿蘇山の火山防災と観光、地下水100%の水道
大分県1区,大分県,44,1,観光振興（温泉）,0.22,自民党、日本維新の会,人口減少対策,0.2,自民党、立憲民主党,製造業振興,0.15,自民党、国民民主党,0.25,0.2,0.05,0.08,0.1,0.18,0.03,0.11,温泉湧出量日本一、地熱発電のポテンシャル、TSMC関連の半導体サプライチェーン、豊後水道の漁業（関あじ・関さば）
大分県2区,大分県,44,2,観光振興（温泉）,0.22,自民党、日本維新の会,人口減少対策,0.2,自民党、立憲民主党,製造業振興,0.15,自民党、国民民主党,0.25,0.2,0.05,0.08,0.1,0.18,0.03,0.11,温泉湧出量日本一、地熱発電のポテンシャル、TSMC関連の半導体サプライチェーン、豊後水道の漁業（関あじ・関さば）
大分県3区,大分県,44,3,観光振興（温泉）,0.22,自民党、日本維新の会,人口減少対策,0.2,自民党、立憲民主党,製造業振興,0.15,自民党、国民民主党,0.25,0.2,0.05,0.08,0.1,0.18,0.03,0.11,温泉湧出量日本一、地熱発電のポテンシャル、TSMC関連の半導体サプライチェーン、豊後水道の漁業（関あじ・関さば）
宮崎県1区,宮崎県,45,1,人口減少・過疎化,0.25,自民党、立憲民主党,農畜産業振興,0.2,自民党、国民民主党,南海トラフ地震・台風対策,0.17,自民党、公明党,0.22,0.22,0.05,0.07,0.07,0.2,0.03,0.14,宮崎牛等のブランド畜産業、口蹄疫被害の経験と教訓、台風常襲地帯としての防災意識、プロ野球キャンプ地としての観光
宮崎県2区,宮崎県,45,2,人口減少・過疎化,0.25,自民党、立憲民主党,農畜産業振興,0.2,自民党、国民民主党,南海トラフ地震・台風対策,0.17,自民党、公明党,0.22,0.22,0.05,0.07,0.07,0.2,0.03,0.14,宮崎牛等のブランド畜産業、口蹄疫被害の経験と教訓、台風常襲地帯としての防災意識、プロ野球キャンプ地としての観光
宮崎県3区,宮崎県,45,3,人口減少・過疎化,0.25,自民党、立憲民主党,農畜産業振興,0.2,自民党、国民民主党,南海トラフ地震・台風対策,0.17,自民党、公明党,0.22,0.22,0.05,0.07,0.07,0.2,0.03,0.14,宮崎牛等のブランド畜産業、口蹄疫被害の経験と教訓、台風常襲地帯としての防災意識、プロ野球キャンプ地としての観光
鹿児島県1区,鹿児島県,46,1,離島振興,0.2,自民党、立憲民主党,農畜産業振興,0.2,自民党、国民民主党,安全保障・島嶼防衛,0.15,自民党、参政党,0.22,0.2,0.13,0.07,0.07,0.15,0.04,0.12,馬毛島への自衛隊基地建設、桜島の火山活動と防災、奄美大島・屋久島の世界遺産、種子島宇宙センターのロケット産業、離島の多さ（有人離島28島）
鹿児島県2区,鹿児島県,46,2,離島振興,0.2,自民党、立憲民主党,農畜産業振興,0.2,自民党、国民民主党,安全保障・島嶼防衛,0.15,自民党、参政党,0.22,0.2,0.13,0.07,0.07,0.15,0.04,0.12,馬毛島への自衛隊基地建設、桜島の火山活動と防災、奄美大島・屋久島の世界遺産、種子島宇宙センターのロケット産業、離島の多さ（有人離島28島）
鹿児島県3区,鹿児島県,46,3,離島振興,0.2,自民党、立憲民主党,農畜産業振興,0.2,自民党、国民民主党,安全保障・島嶼防衛,0.15,自民党、参政党,0.22,0.2,0.13,0.07,0.07,0.15,0.04,0.12,馬毛島への自衛隊基地建設、桜島の火山活動と防災、奄美大島・屋久島の世界遺産、種子島宇宙センターのロケット産業、離島の多さ（有人離島28島）
鹿児島県4区,鹿児島県,46,4,離島振興,0.2,自民党、立憲民主党,農畜産業振興,0.2,自民党、国民民主党,安全保障・島嶼防衛,0.15,自民党、参政党,0.22,0.2,0.13,0.07,0.07,0.15,0.04,0.12,馬毛島への自衛隊基地建設、桜島の火山活動と防災、奄美大島・屋久島の世界遺産、種子島宇宙センターのロケット産業、離島の多さ（有人離島28島）
沖縄県1区,沖縄県,47,1,米軍基地問題,0.3,立憲民主党、共産党、社民党、れいわ新選組,経済振興・所得向上,0.18,自民党、日本維新の会、国民民主党,観光産業強化,0.13,自民党、日本維新の会,0.22,0.18,0.25,0.1,0.05,0.1,0.07,0.03,在日米軍基地の約70%が集中、普天間基地移設・辺野古新基地建設問題、沖縄戦の歴史と平和への強い意識、台湾有事リスクと住民避難計画、子どもの貧困率全国ワースト、全国最低水準の県民所得
沖縄県2区,沖縄県,47,2,米軍基地問題,0.3,立憲民主党、共産党、社民党、れいわ新選組,経済振興・所得向上,0.18,自民党、日本維新の会、国民民主党,観光産業強化,0.13,自民党、日本維新の会,0.22,0.18,0.25,0.1,0.05,0.1,0.07,0.03,在日米軍基地の約70%が集中、普天間基地移設・辺野古新基地建設問題、沖縄戦の歴史と平和への強い意識、台湾有事リスクと住民避難計画、子どもの貧困率全国ワースト、全国最低水準の県民所得
沖縄県3区,沖縄県,47,3,米軍基地問題,0.3,立憲民主党、共産党、社民党、れいわ新選組,経済振興・所得向上,0.18,自民党、日本維新の会、国民民主党,観光産業強化,0.13,自民党、日本維新の会,0.22,0.18,0.25,0.1,0.05,0.1,0.07,0.03,在日米軍基地の約70%が集中、普天間基地移設・辺野古新基地建設問題、沖縄戦の歴史と平和への強い意識、台湾有事リスクと住民避難計画、子どもの貧困率全国ワースト、全国最低水準の県民所得
