選挙区,都道府県,都道府県コード,区番号,投票率_2021,投票率_2017,投票率_平均,支持率_自民党,支持率_立憲民主党,支持率_維新,支持率_国民民主党,支持率_共産党,支持率_れいわ,支持率_参政党,支持率_その他,イデオロギー_保守,イデオロギー_中道,イデオロギー_革新,政治関心_高,政治関心_中,政治関心_低,浮動票率,備考
北海道1区,北海道,1,1,0.568,0.534,0.551,0.3,0.22,0.08,0.1,0.08,0.05,0.03,0.14,0.35,0.4,0.25,0.25,0.45,0.3,0.35,労働組合の影響力が強い。野党が比較的強い地域。農村部はLDP寄り、都市部は立憲が強い。
北海道2区,北海道,1,2,0.568,0.534,0.551,0.3,0.22,0.08,0.1,0.08,0.05,0.03,0.14,0.35,0.4,0.25,0.25,0.45,0.3,0.35,労働組合の影響力が強い。野党が比較的強い地域。農村部はLDP寄り、都市部は立憲が強い。
北海道3区,北海道,1,3,0.568,0.534,0.551,0.3,0.22,0.08,0.1,0.08,0.05,0.03,0.14,0.35,0.4,0.25,0.25,0.45,0.3,0.35,労働組合の影響力が強い。野党が比較的強い地域。農村部はLDP寄り、都市部は立憲が強い。
北海道4区,北海道,1,4,0.568,0.534,0.551,0.3,0.22,0.08,0.1,0.08,0.05,0.03,0.14,0.35,0.4,0.25,0.25,0.45,0.3,0.35,労働組合の影響力が強い。野党が比較的強い地域。農村部はLDP寄り、都市部は立憲が強い。
北海道5区,北海道,1,5,0.568,0.534,0.551,0.3,0.22,0.08,0.1,0.08,0.05,0.03,0.14,0.35,0.4,0.25,0.25,0.45,0.3,0.35,労働組合の影響力が強い。野党が比較的強い地域。農村部はLDP寄り、都市部は立憲が強い。
北海道6区,北海道,1,6,0.568,0.534,0.551,0.3,0.22,0.08,0.1,0.08,0.05,0.03,0.14,0.35,0.4,0.25,0.25,0.45,0.3,0.35,労働組合の影響力が強い。野党が比較的強い地域。農村部はLDP寄り、都市部は立憲が強い。
北海道7区,北海道,1,7,0.568,0.534,0.551,0.3,0.22,0.08,0.1,0.08,0.05,0.03,0.14,0.35,0.4,0.25,0.25,0.45,0.3,0.35,労働組合の影響力が強い。野党が比較的強い地域。農村部はLDP寄り、都市部は立憲が強い。
北海道8区,北海道,1,8,0.568,0.534,0.551,0.3,0.22,0.08,0.1,0.08,0.05,0.03,0.14,0.35,0.4,0.25,0.25,0.45,0.3,0.35,労働組合の影響力が強い。野党が比較的強い地域。農村部はLDP寄り、都市部は立憲が強い。
北海道9区,北海道,1,9,0.568,0.534,0.551,0.3,0.22,0.08,0.1,0.08,0.05,0.03,0.14,0.35,0.4,0.25,0.25,0.45,0.3,0.35,労働組合の影響力が強い。野党が比較的強い地域。農村部はLDP寄り、都市部は立憲が強い。
北海道10区,北海道,1,10,0.568,0.534,0.551,0.3,0.22,0.08,0.1,0.08,0.05,0.03,0.14,0.35,0.4,0.25,0.25,0.45,0.3,0.35,労働組合の影響力が強い。野党が比較的強い地域。農村部はLDP寄り、都市部は立憲が強い。
北海道11区,北海道,1,11,0.568,0.534,0.551,0.3,0.22,0.08,0.1,0.08,0.05,0.03,0.14,0.35,0.4,0.25,0.25,0.45,0.3,0.35,労働組合の影響力が強い。野党が比較的強い地域。農村部はLDP寄り、都市部は立憲が強い。
北海道12区,北海道,1,12,0.568,0.534,0.551,0.3,0.22,0.08,0.1,0.08,0.05,0.03,0.14,0.35,0.4,0.25,0.25,0.45,0.3,0.35,労働組合の影響力が強い。野党が比較的強い地域。農村部はLDP寄り、都市部は立憲が強い。
青森県1区,青森県,2,1,0.498,0.467,0.483,0.42,0.14,0.06,0.06,0.06,0.04,0.03,0.19,0.5,0.35,0.15,0.18,0.4,0.42,0.25,東北の保守地盤。LDPが圧倒的に強い。投票率は全国的に低め。過疎化・高齢化の影響大。
青森県2区,青森県,2,2,0.498,0.467,0.483,0.42,0.14,0.06,0.06,0.06,0.04,0.03,0.19,0.5,0.35,0.15,0.18,0.4,0.42,0.25,東北の保守地盤。LDPが圧倒的に強い。投票率は全国的に低め。過疎化・高齢化の影響大。
青森県3区,青森県,2,3,0.498,0.467,0.483,0.42,0.14,0.06,0.06,0.06,0.04,0.03,0.19,0.5,0.35,0.15,0.18,0.4,0.42,0.25,東北の保守地盤。LDPが圧倒的に強い。投票率は全国的に低め。過疎化・高齢化の影響大。
岩手県1区,岩手県,3,1,0.532,0.51,0.521,0.34,0.2,0.06,0.08,0.06,0.04,0.03,0.19,0.4,0.38,0.22,0.22,0.43,0.35,0.3,小沢一郎の地盤として知られた地域。東北では比較的野党が強い。震災復興も政治課題。
岩手県2区,岩手県,3,2,0.532,0.51,0.521,0.34,0.2,0.06,0.08,0.06,0.04,0.03,0.19,0.4,0.38,0.22,0.22,0.43,0.35,0.3,小沢一郎の地盤として知られた地域。東北では比較的野党が強い。震災復興も政治課題。
岩手県3区,岩手県,3,3,0.532,0.51,0.521,0.34,0.2,0.06,0.08,0.06,0.04,0.03,0.19,0.4,0.38,0.22,0.22,0.43,0.35,0.3,小沢一郎の地盤として知られた地域。東北では比較的野党が強い。震災復興も政治課題。
宮城県1区,宮城県,4,1,0.528,0.51,0.519,0.35,0.18,0.08,0.08,0.07,0.05,0.03,0.16,0.42,0.38,0.2,0.23,0.44,0.33,0.32,仙台市は東北最大の都市で比較的競争的。郊外・農村部はLDP優勢。震災復興が依然重要課題。
宮城県2区,宮城県,4,2,0.528,0.51,0.519,0.35,0.18,0.08,0.08,0.07,0.05,0.03,0.16,0.42,0.38,0.2,0.23,0.44,0.33,0.32,仙台市は東北最大の都市で比較的競争的。郊外・農村部はLDP優勢。震災復興が依然重要課題。
宮城県3区,宮城県,4,3,0.528,0.51,0.519,0.35,0.18,0.08,0.08,0.07,0.05,0.03,0.16,0.42,0.38,0.2,0.23,0.44,0.33,0.32,仙台市は東北最大の都市で比較的競争的。郊外・農村部はLDP優勢。震災復興が依然重要課題。
宮城県4区,宮城県,4,4,0.528,0.51,0.519,0.35,0.18,0.08,0.08,0.07,0.05,0.03,0.16,0.42,0.38,0.2,0.23,0.44,0.33,0.32,仙台市は東北最大の都市で比較的競争的。郊外・農村部はLDP優勢。震災復興が依然重要課題。
宮城県5区,宮城県,4,5,0.528,0.51,0.519,0.35,0.18,0.08,0.08,0.07,0.05,0.03,0.16,0.42,0.38,0.2,0.23,0.44,0.33,0.32,仙台市は東北最大の都市で比較的競争的。郊外・農村部はLDP優勢。震災復興が依然重要課題。
宮城県6区,宮城県,4,6,0.528,0.51,0.519,0.35,0.18,0.08,0.08,0.07,0.05,0.03,0.16,0.42,0.38,0.2,0.23,0.44,0.33,0.32,仙台市は東北最大の都市で比較的競争的。郊外・農村部はLDP優勢。震災復興が依然重要課題。
秋田県1区,秋田県,5,1,0.546,0.518,0.532,0.44,0.14,0.05,0.06,0.06,0.04,0.03,0.18,0.52,0.33,0.15,0.2,0.42,0.38,0.22,LDPの強固な地盤。菅義偉前首相の出身地。過疎化・少子高齢化が深刻。農業政策への関心が高い。
秋田県2区,秋田県,5,2,0.546,0.518,0.532,0.44,0.14,0.05,0.06,0.06,0.04,0.03,0.18,0.52,0.33,0.15,0.2,0.42,0.38,0.22,LDPの強固な地盤。菅義偉前首相の出身地。過疎化・少子高齢化が深刻。農業政策への関心が高い。
秋田県3区,秋田県,5,3,0.546,0.518,0.532,0.44,0.14,0.05,0.06,0.06,0.04,0.03,0.18,0.52,0.33,0.15,0.2,0.42,0.38,0.22,LDPの強固な地盤。菅義偉前首相の出身地。過疎化・少子高齢化が深刻。農業政策への関心が高い。
山形県1区,山形県,6,1,0.58,0.558,0.569,0.4,0.16,0.06,0.07,0.06,0.04,0.03,0.18,0.48,0.35,0.17,0.24,0.44,0.32,0.26,保守王国だが投票率は比較的高い。農業が主要産業で農政への関心が強い。
山形県2区,山形県,6,2,0.58,0.558,0.569,0.4,0.16,0.06,0.07,0.06,0.04,0.03,0.18,0.48,0.35,0.17,0.24,0.44,0.32,0.26,保守王国だが投票率は比較的高い。農業が主要産業で農政への関心が強い。
山形県3区,山形県,6,3,0.58,0.558,0.569,0.4,0.16,0.06,0.07,0.06,0.04,0.03,0.18,0.48,0.35,0.17,0.24,0.44,0.32,0.26,保守王国だが投票率は比較的高い。農業が主要産業で農政への関心が強い。
福島県1区,福島県,7,1,0.536,0.508,0.522,0.36,0.18,0.06,0.08,0.06,0.05,0.03,0.18,0.43,0.37,0.2,0.24,0.43,0.33,0.3,原発事故の影響でエネルギー政策への関心が極めて高い。復興と脱原発が重要な政治テーマ。
福島県2区,福島県,7,2,0.536,0.508,0.522,0.36,0.18,0.06,0.08,0.06,0.05,0.03,0.18,0.43,0.37,0.2,0.24,0.43,0.33,0.3,原発事故の影響でエネルギー政策への関心が極めて高い。復興と脱原発が重要な政治テーマ。
福島県3区,福島県,7,3,0.536,0.508,0.522,0.36,0.18,0.06,0.08,0.06,0.05,0.03,0.18,0.43,0.37,0.2,0.24,0.43,0.33,0.3,原発事故の影響でエネルギー政策への関心が極めて高い。復興と脱原発が重要な政治テーマ。
福島県4区,福島県,7,4,0.536,0.508,0.522,0.36,0.18,0.06,0.08,0.06,0.05,0.03,0.18,0.43,0.37,0.2,0.24,0.43,0.33,0.3,原発事故の影響でエネルギー政策への関心が極めて高い。復興と脱原発が重要な政治テーマ。
福島県5区,福島県,7,5,0.536,0.508,0.522,0.36,0.18,0.06,0.08,0.06,0.05,0.03,0.18,0.43,0.37,0.2,0.24,0.43,0.33,0.3,原発事故の影響でエネルギー政策への関心が極めて高い。復興と脱原発が重要な政治テーマ。
茨城県1区,茨城県,8,1,0.518,0.496,0.507,0.38,0.15,0.09,0.07,0.06,0.04,0.03,0.18,0.45,0.37,0.18,0.2,0.43,0.37,0.28,保守的な地域だがつくば市周辺は研究者層で多様。東京のベッドタウン化が進む南部は浮動票が多い。
茨城県2区,茨城県,8,2,0.518,0.496,0.507,0.38,0.15,0.09,0.07,0.06,0.04,0.03,0.18,0.45,0.37,0.18,0.2,0.43,0.37,0.28,保守的な地域だがつくば市周辺は研究者層で多様。東京のベッドタウン化が進む南部は浮動票が多い。
茨城県3区,茨城県,8,3,0.518,0.496,0.507,0.38,0.15,0.09,0.07,0.06,0.04,0.03,0.18,0.45,0.37,0.18,0.2,0.43,0.37,0.28,保守的な地域だがつくば市周辺は研究者層で多様。東京のベッドタウン化が進む南部は浮動票が多い。
茨城県4区,茨城県,8,4,0.518,0.496,0.507,0.38,0.15,0.09,0.07,0.06,0.04,0.03,0.18,0.45,0.37,0.18,0.2,0.43,0.37,0.28,保守的な地域だがつくば市周辺は研究者層で多様。東京のベッドタウン化が進む南部は浮動票が多い。
茨城県5区,茨城県,8,5,0.518,0.496,0.507,0.38,0.15,0.09,0.07,0.06,0.04,0.03,0.18,0.45,0.37,0.18,0.2,0.43,0.37,0.28,保守的な地域だがつくば市周辺は研究者層で多様。東京のベッドタウン化が進む南部は浮動票が多い。
茨城県6区,茨城県,8,6,0.518,0.496,0.507,0.38,0.15,0.09,0.07,0.06,0.04,0.03,0.18,0.45,0.37,0.18,0.2,0.43,0.37,0.28,保守的な地域だがつくば市周辺は研究者層で多様。東京のベッドタウン化が進む南部は浮動票が多い。
茨城県7区,茨城県,8,7,0.518,0.496,0.507,0.38,0.15,0.09,0.07,0.06,0.04,0.03,0.18,0.45,0.37,0.18,0.2,0.43,0.37,0.28,保守的な地域だがつくば市周辺は研究者層で多様。東京のベッドタウン化が進む南部は浮動票が多い。
栃木県1区,栃木県,9,1,0.512,0.49,0.501,0.4,0.14,0.08,0.07,0.06,0.04,0.03,0.18,0.47,0.36,0.17,0.19,0.42,0.39,0.26,北関東の保守地盤。宇都宮市以外は農村部が多く、LDPが安定的に強い。
栃木県2区,栃木県,9,2,0.512,0.49,0.501,0.4,0.14,0.08,0.07,0.06,0.04,0.03,0.18,0.47,0.36,0.17,0.19,0.42,0.39,0.26,北関東の保守地盤。宇都宮市以外は農村部が多く、LDPが安定的に強い。
栃木県3区,栃木県,9,3,0.512,0.49,0.501,0.4,0.14,0.08,0.07,0.06,0.04,0.03,0.18,0.47,0.36,0.17,0.19,0.42,0.39,0.26,北関東の保守地盤。宇都宮市以外は農村部が多く、LDPが安定的に強い。
栃木県4区,栃木県,9,4,0.512,0.49,0.501,0.4,0.14,0.08,0.07,0.06,0.04,0.03,0.18,0.47,0.36,0.17,0.19,0.42,0.39,0.26,北関東の保守地盤。宇都宮市以外は農村部が多く、LDPが安定的に強い。
栃木県5区,栃木県,9,5,0.512,0.49,0.501,0.4,0.14,0.08,0.07,0.06,0.04,0.03,0.18,0.47,0.36,0.17,0.19,0.42,0.39,0.26,北関東の保守地盤。宇都宮市以外は農村部が多く、LDPが安定的に強い。
群馬県1区,群馬県,10,1,0.52,0.498,0.509,0.42,0.13,0.07,0.06,0.06,0.04,0.03,0.19,0.5,0.34,0.16,0.2,0.42,0.38,0.24,福田・中曽根・小渕など歴代首相を輩出した保守王国。LDPの地盤が極めて強固。
群馬県2区,群馬県,10,2,0.52,0.498,0.509,0.42,0.13,0.07,0.06,0.06,0.04,0.03,0.19,0.5,0.34,0.16,0.2,0.42,0.38,0.24,福田・中曽根・小渕など歴代首相を輩出した保守王国。LDPの地盤が極めて強固。
群馬県3区,群馬県,10,3,0.52,0.498,0.509,0.42,0.13,0.07,0.06,0.06,0.04,0.03,0.19,0.5,0.34,0.16,0.2,0.42,0.38,0.24,福田・中曽根・小渕など歴代首相を輩出した保守王国。LDPの地盤が極めて強固。
群馬県4区,群馬県,10,4,0.52,0.498,0.509,0.42,0.13,0.07,0.06,0.06,0.04,0.03,0.19,0.5,0.34,0.16,0.2,0.42,0.38,0.24,福田・中曽根・小渕など歴代首相を輩出した保守王国。LDPの地盤が極めて強固。
群馬県5区,群馬県,10,5,0.52,0.498,0.509,0.42,0.13,0.07,0.06,0.06,0.04,0.03,0.19,0.5,0.34,0.16,0.2,0.42,0.38,0.24,福田・中曽根・小渕など歴代首相を輩出した保守王国。LDPの地盤が極めて強固。
埼玉県1区,埼玉県,11,1,0.54,0.518,0.529,0.32,0.18,0.1,0.08,0.07,0.05,0.03,0.17,0.38,0.4,0.22,0.23,0.45,0.32,0.36,東京のベッドタウン。都市部は浮動票が多く競争的。北部は農村で保守的。人口増加地域。
埼玉県2区,埼玉県,11,2,0.54,0.518,0.529,0.32,0.18,0.1,0.08,0.07,0.05,0.03,0.17,0.38,0.4,0.22,0.23,0.45,0.32,0.36,東京のベッドタウン。都市部は浮動票が多く競争的。北部は農村で保守的。人口増加地域。
埼玉県3区,埼玉県,11,3,0.54,0.518,0.529,0.32,0.18,0.1,0.08,0.07,0.05,0.03,0.17,0.38,0.4,0.22,0.23,0.45,0.32,0.36,東京のベッドタウン。都市部は浮動票が多く競争的。北部は農村で保守的。人口増加地域。
埼玉県4区,埼玉県,11,4,0.54,0.518,0.529,0.32,0.18,0.1,0.08,0.07,0.05,0.03,0.17,0.38,0.4,0.22,0.23,0.45,0.32,0.36,東京のベッドタウン。都市部は浮動票が多く競争的。北部は農村で保守的。人口増加地域。
埼玉県5区,埼玉県,11,5,0.54,0.518,0.529,0.32,0.18,0.1,0.08,0.07,0.05,0.03,0.17,0.38,0.4,0.22,0.23,0.45,0.32,0.36,東京のベッドタウン。都市部は浮動票が多く競争的。北部は農村で保守的。人口増加地域。
埼玉県6区,埼玉県,11,6,0.54,0.518,0.529,0.32,0.18,0.1,0.08,0.07,0.05,0.03,0.17,0.38,0.4,0.22,0.23,0.45,0.32,0.36,東京のベッドタウン。都市部は浮動票が多く競争的。北部は農村で保守的。人口増加地域。
埼玉県7区,埼玉県,11,7,0.54,0.518,0.529,0.32,0.18,0.1,0.08,0.07,0.05,0.03,0.17,0.38,0.4,0.22,0.23,0.45,0.32,0.36,東京のベッドタウン。都市部は浮動票が多く競争的。北部は農村で保守的。人口増加地域。
埼玉県8区,埼玉県,11,8,0.54,0.518,0.529,0.32,0.18,0.1,0.08,0.07,0.05,0.03,0.17,0.38,0.4,0.22,0.23,0.45,0.32,0.36,東京のベッドタウン。都市部は浮動票が多く競争的。北部は農村で保守的。人口増加地域。
埼玉県9区,埼玉県,11,9,0.54,0.518,0.529,0.32,0.18,0.1,0.08,0.07,0.05,0.03,0.17,0.38,0.4,0.22,0.23,0.45,0.32,0.36,東京のベッドタウン。都市部は浮動票が多く競争的。北部は農村で保守的。人口増加地域。
埼玉県10区,埼玉県,11,10,0.54,0.518,0.529,0.32,0.18,0.1,0.08,0.07,0.05,0.03,0.17,0.38,0.4,0.22,0.23,0.45,0.32,0.36,東京のベッドタウン。都市部は浮動票が多く競争的。北部は農村で保守的。人口増加地域。
埼玉県11区,埼玉県,11,11,0.54,0.518,0.529,0.32,0.18,0.1,0.08,0.07,0.05,0.03,0.17,0.38,0.4,0.22,0.23,0.45,0.32,0.36,東京のベッドタウン。都市部は浮動票が多く競争的。北部は農村で保守的。人口増加地域。
埼玉県12区,埼玉県,11,12,0.54,0.518,0.529,0.32,0.18,0.1,0.08,0.07,0.05,0.03,0.17,0.38,0.4,0.22,0.23,0.45,0.32,0.36,東京のベッドタウン。都市部は浮動票が多く競争的。北部は農村で保守的。人口増加地域。
埼玉県13区,埼玉県,11,13,0.54,0.518,0.529,0.32,0.18,0.1,0.08,0.07,0.05,0.03,0.17,0.38,0.4,0.22,0.23,0.45,0.32,0.36,東京のベッドタウン。都市部は浮動票が多く競争的。北部は農村で保守的。人口増加地域。
埼玉県14区,埼玉県,11,14,0.54,0.518,0.529,0.32,0.18,0.1,0.08,0.07,0.05,0.03,0.17,0.38,0.4,0.22,0.23,0.45,0.32,0.36,東京のベッドタウン。都市部は浮動票が多く競争的。北部は農村で保守的。人口増加地域。
埼玉県15区,埼玉県,11,15,0.54,0.518,0.529,0.32,0.18,0.1,0.08,0.07,0.05,0.03,0.17,0.38,0.4,0.22,0.23,0.45,0.32,0.36,東京のベッドタウン。都市部は浮動票が多く競争的。北部は農村で保守的。人口増加地域。
千葉県1区,千葉県,12,1,0.538,0.516,0.527,0.33,0.17,0.1,0.08,0.07,0.05,0.03,0.17,0.39,0.39,0.22,0.22,0.45,0.33,0.35,東京近郊の都市部と房総半島の農村部で政治傾向が大きく異なる。全体的に埼玉と類似。
千葉県2区,千葉県,12,2,0.538,0.516,0.527,0.33,0.17,0.1,0.08,0.07,0.05,0.03,0.17,0.39,0.39,0.22,0.22,0.45,0.33,0.35,東京近郊の都市部と房総半島の農村部で政治傾向が大きく異なる。全体的に埼玉と類似。
千葉県3区,千葉県,12,3,0.538,0.516,0.527,0.33,0.17,0.1,0.08,0.07,0.05,0.03,0.17,0.39,0.39,0.22,0.22,0.45,0.33,0.35,東京近郊の都市部と房総半島の農村部で政治傾向が大きく異なる。全体的に埼玉と類似。
千葉県4区,千葉県,12,4,0.538,0.516,0.527,0.33,0.17,0.1,0.08,0.07,0.05,0.03,0.17,0.39,0.39,0.22,0.22,0.45,0.33,0.35,東京近郊の都市部と房総半島の農村部で政治傾向が大きく異なる。全体的に埼玉と類似。
千葉県5区,千葉県,12,5,0.538,0.516,0.527,0.33,0.17,0.1,0.08,0.07,0.05,0.03,0.17,0.39,0.39,0.22,0.22,0.45,0.33,0.35,東京近郊の都市部と房総半島の農村部で政治傾向が大きく異なる。全体的に埼玉と類似。
千葉県6区,千葉県,12,6,0.538,0.516,0.527,0.33,0.17,0.1,0.08,0.07,0.05,0.03,0.17,0.39,0.39,0.22,0.22,0.45,0.33,0.35,東京近郊の都市部と房総半島の農村部で政治傾向が大きく異なる。全体的に埼玉と類似。
千葉県7区,千葉県,12,7,0.538,0.516,0.527,0.33,0.17,0.1,0.08,0.07,0.05,0.03,0.17,0.39,0.39,0.22,0.22,0.45,0.33,0.35,東京近郊の都市部と房総半島の農村部で政治傾向が大きく異なる。全体的に埼玉と類似。
千葉県8区,千葉県,12,8,0.538,0.516,0.527,0.33,0.17,0.1,0.08,0.07,0.05,0.03,0.17,0.39,0.39,0.22,0.22,0.45,0.33,0.35,東京近郊の都市部と房総半島の農村部で政治傾向が大きく異なる。全体的に埼玉と類似。
千葉県9区,千葉県,12,9,0.538,0.516,0.527,0.33,0.17,0.1,0.08,0.07,0.05,0.03,0.17,0.39,0.39,0.22,0.22,0.45,0.33,0.35,東京近郊の都市部と房総半島の農村部で政治傾向が大きく異なる。全体的に埼玉と類似。
千葉県10区,千葉県,12,10,0.538,0.516,0.527,0.33,0.17,0.1,0.08,0.07,0.05,0.03,0.17,0.39,0.39,0.22,0.22,0.45,0.33,0.35,東京近郊の都市部と房総半島の農村部で政治傾向が大きく異なる。全体的に埼玉と類似。
千葉県11区,千葉県,12,11,0.538,0.516,0.527,0.33,0.17,0.1,0.08,0.07,0.05,0.03,0.17,0.39,0.39,0.22,0.22,0.45,0.33,0.35,東京近郊の都市部と房総半島の農村部で政治傾向が大きく異なる。全体的に埼玉と類似。
千葉県12区,千葉県,12,12,0.538,0.516,0.527,0.33,0.17,0.1,0.08,0.07,0.05,0.03,0.17,0.39,0.39,0.22,0.22,0.45,0.33,0.35,東京近郊の都市部と房総半島の農村部で政治傾向が大きく異なる。全体的に埼玉と類似。
千葉県13区,千葉県,12,13,0.538,0.516,0.527,0.33,0.17,0.1,0.08,0.07,0.05,0.03,0.17,0.39,0.39,0.22,0.22,0.45,0.33,0.35,東京近郊の都市部と房総半島の農村部で政治傾向が大きく異なる。全体的に埼玉と類似。
東京都1区,東京都,13,1,0.57,0.548,0.559,0.28,0.18,0.12,0.08,0.08,0.06,0.03,0.17,0.32,0.4,0.28,0.3,0.42,0.28,0.4,最も競争的で多様な政治環境。浮動票が非常に多い。区部は革新的、西部は保守的傾向。各党が接戦を展開。
東京都2区,東京都,13,2,0.57,0.548,0.559,0.28,0.18,0.12,0.08,0.08,0.06,0.03,0.17,0.32,0.4,0.28,0.3,0.42,0.28,0.4,最も競争的で多様な政治環境。浮動票が非常に多い。区部は革新的、西部は保守的傾向。各党が接戦を展開。
東京都3区,東京都,13,3,0.57,0.548,0.559,0.28,0.18,0.12,0.08,0.08,0.06,0.03,0.17,0.32,0.4,0.28,0.3,0.42,0.28,0.4,最も競争的で多様な政治環境。浮動票が非常に多い。区部は革新的、西部は保守的傾向。各党が接戦を展開。
東京都4区,東京都,13,4,0.57,0.548,0.559,0.28,0.18,0.12,0.08,0.08,0.06,0.03,0.17,0.32,0.4,0.28,0.3,0.42,0.28,0.4,最も競争的で多様な政治環境。浮動票が非常に多い。区部は革新的、西部は保守的傾向。各党が接戦を展開。
東京都5区,東京都,13,5,0.57,0.548,0.559,0.28,0.18,0.12,0.08,0.08,0.06,0.03,0.17,0.32,0.4,0.28,0.3,0.42,0.28,0.4,最も競争的で多様な政治環境。浮動票が非常に多い。区部は革新的、西部は保守的傾向。各党が接戦を展開。
東京都6区,東京都,13,6,0.57,0.548,0.559,0.28,0.18,0.12,0.08,0.08,0.06,0.03,0.17,0.32,0.4,0.28,0.3,0.42,0.28,0.4,最も競争的で多様な政治環境。浮動票が非常に多い。区部は革新的、西部は保守的傾向。各党が接戦を展開。
東京都7区,東京都,13,7,0.57,0.548,0.559,0.28,0.18,0.12,0.08,0.08,0.06,0.03,0.17,0.32,0.4,0.28,0.3,0.42,0.28,0.4,最も競争的で多様な政治環境。浮動票が非常に多い。区部は革新的、西部は保守的傾向。各党が接戦を展開。
東京都8区,東京都,13,8,0.57,0.548,0.559,0.28,0.18,0.12,0.08,0.08,0.06,0.03,0.17,0.32,0.4,0.28,0.3,0.42,0.28,0.4,最も競争的で多様な政治環境。浮動票が非常に多い。区部は革新的、西部は保守的傾向。各党が接戦を展開。
東京都9区,東京都,13,9,0.57,0.548,0.559,0.28,0.18,0.12,0.08,0.08,0.06,0.03,0.17,0.32,0.4,0.28,0.3,0.42,0.28,0.4,最も競争的で多様な政治環境。浮動票が非常に多い。区部は革新的、西部は保守的傾向。各党が接戦を展開。
東京都10区,東京都,13,10,0.57,0.548,0.559,0.28,0.18,0.12,0.08,0.08,0.06,0.03,0.17,0.32,0.4,0.28,0.3,0.42,0.28,0.4,最も競争的で多様な政治環境。浮動票が非常に多い。区部は革新的、西部は保守的傾向。各党が接戦を展開。
東京都11区,東京都,13,11,0.57,0.548,0.559,0.28,0.18,0.12,0.08,0.08,0.06,0.03,0.17,0.32,0.4,0.28,0.3,0.42,0.28,0.4,最も競争的で多様な政治環境。浮動票が非常に多い。区部は革新的、西部は保守的傾向。各党が接戦を展開。
東京都12区,東京都,13,12,0.57,0.548,0.559,0.28,0.18,0.12,0.08,0.08,0.06,0.03,0.17,0.32,0.4,0.28,0.3,0.42,0.28,0.4,最も競争的で多様な政治環境。浮動票が非常に多い。区部は革新的、西部は保守的傾向。各党が接戦を展開。
東京都13区,東京都,13,13,0.57,0.548,0.559,0.28,0.18,0.12,0.08,0.08,0.06,0.03,0.17,0.32,0.4,0.28,0.3,0.42,0.28,0.4,最も競争的で多様な政治環境。浮動票が非常に多い。区部は革新的、西部は保守的傾向。各党が接戦を展開。
東京都14区,東京都,13,14,0.57,0.548,0.559,0.28,0.18,0.12,0.08,0.08,0.06,0.03,0.17,0.32,0.4,0.28,0.3,0.42,0.28,0.4,最も競争的で多様な政治環境。浮動票が非常に多い。区部は革新的、西部は保守的傾向。各党が接戦を展開。
東京都15区,東京都,13,15,0.57,0.548,0.559,0.28,0.18,0.12,0.08,0.08,0.06,0.03,0.17,0.32,0.4,0.28,0.3,0.42,0.28,0.4,最も競争的で多様な政治環境。浮動票が非常に多い。区部は革新的、西部は保守的傾向。各党が接戦を展開。
東京都16区,東京都,13,16,0.57,0.548,0.559,0.28,0.18,0.12,0.08,0.08,0.06,0.03,0.17,0.32,0.4,0.28,0.3,0.42,0.28,0.4,最も競争的で多様な政治環境。浮動票が非常に多い。区部は革新的、西部は保守的傾向。各党が接戦を展開。
東京都17区,東京都,13,17,0.57,0.548,0.559,0.28,0.18,0.12,0.08,0.08,0.06,0.03,0.17,0.32,0.4,0.28,0.3,0.42,0.28,0.4,最も競争的で多様な政治環境。浮動票が非常に多い。区部は革新的、西部は保守的傾向。各党が接戦を展開。
東京都18区,東京都,13,18,0.57,0.548,0.559,0.28,0.18,0.12,0.08,0.08,0.06,0.03,0.17,0.32,0.4,0.28,0.3,0.42,0.28,0.4,最も競争的で多様な政治環境。浮動票が非常に多い。区部は革新的、西部は保守的傾向。各党が接戦を展開。
東京都19区,東京都,13,19,0.57,0.548,0.559,0.28,0.18,0.12,0.08,0.08,0.06,0.03,0.17,0.32,0.4,0.28,0.3,0.42,0.28,0.4,最も競争的で多様な政治環境。浮動票が非常に多い。区部は革新的、西部は保守的傾向。各党が接戦を展開。
東京都20区,東京都,13,20,0.57,0.548,0.559,0.28,0.18,0.12,0.08,0.08,0.06,0.03,0.17,0.32,0.4,0.28,0.3,0.42,0.28,0.4,最も競争的で多様な政治環境。浮動票が非常に多い。区部は革新的、西部は保守的傾向。各党が接戦を展開。
東京都21区,東京都,13,21,0.57,0.548,0.559,0.28,0.18,0.12,0.08,0.08,0.06,0.03,0.17,0.32,0.4,0.28,0.3,0.42,0.28,0.4,最も競争的で多様な政治環境。浮動票が非常に多い。区部は革新的、西部は保守的傾向。各党が接戦を展開。
東京都22区,東京都,13,22,0.57,0.548,0.559,0.28,0.18,0.12,0.08,0.08,0.06,0.03,0.17,0.32,0.4,0.28,0.3,0.42,0.28,0.4,最も競争的で多様な政治環境。浮動票が非常に多い。区部は革新的、西部は保守的傾向。各党が接戦を展開。
東京都23区,東京都,13,23,0.57,0.548,0.559,0.28,0.18,0.12,0.08,0.08,0.06,0.03,0.17,0.32,0.4,0.28,0.3,0.42,0.28,0.4,最も競争的で多様な政治環境。浮動票が非常に多い。区部は革新的、西部は保守的傾向。各党が接戦を展開。
東京都24区,東京都,13,24,0.57,0.548,0.559,0.28,0.18,0.12,0.08,0.08,0.06,0.03,0.17,0.32,0.4,0.28,0.3,0.42,0.28,0.4,最も競争的で多様な政治環境。浮動票が非常に多い。区部は革新的、西部は保守的傾向。各党が接戦を展開。
東京都25区,東京都,13,25,0.57,0.548,0.559,0.28,0.18,0.12,0.08,0.08,0.06,0.03,0.17,0.32,0.4,0.28,0.3,0.42,0.28,0.4,最も競争的で多様な政治環境。浮動票が非常に多い。区部は革新的、西部は保守的傾向。各党が接戦を展開。
神奈川県1区,神奈川県,14,1,0.552,0.53,0.541,0.3,0.18,0.11,0.08,0.07,0.06,0.03,0.17,0.34,0.4,0.26,0.27,0.44,0.29,0.38,横浜・川崎は都市型で浮動票が多い。東京と似た競争的な構図。菅前首相の地盤でもある。
神奈川県2区,神奈川県,14,2,0.552,0.53,0.541,0.3,0.18,0.11,0.08,0.07,0.06,0.03,0.17,0.34,0.4,0.26,0.27,0.44,0.29,0.38,横浜・川崎は都市型で浮動票が多い。東京と似た競争的な構図。菅前首相の地盤でもある。
神奈川県3区,神奈川県,14,3,0.552,0.53,0.541,0.3,0.18,0.11,0.08,0.07,0.06,0.03,0.17,0.34,0.4,0.26,0.27,0.44,0.29,0.38,横浜・川崎は都市型で浮動票が多い。東京と似た競争的な構図。菅前首相の地盤でもある。
神奈川県4区,神奈川県,14,4,0.552,0.53,0.541,0.3,0.18,0.11,0.08,0.07,0.06,0.03,0.17,0.34,0.4,0.26,0.27,0.44,0.29,0.38,横浜・川崎は都市型で浮動票が多い。東京と似た競争的な構図。菅前首相の地盤でもある。
神奈川県5区,神奈川県,14,5,0.552,0.53,0.541,0.3,0.18,0.11,0.08,0.07,0.06,0.03,0.17,0.34,0.4,0.26,0.27,0.44,0.29,0.38,横浜・川崎は都市型で浮動票が多い。東京と似た競争的な構図。菅前首相の地盤でもある。
神奈川県6区,神奈川県,14,6,0.552,0.53,0.541,0.3,0.18,0.11,0.08,0.07,0.06,0.03,0.17,0.34,0.4,0.26,0.27,0.44,0.29,0.38,横浜・川崎は都市型で浮動票が多い。東京と似た競争的な構図。菅前首相の地盤でもある。
神奈川県7区,神奈川県,14,7,0.552,0.53,0.541,0.3,0.18,0.11,0.08,0.07,0.06,0.03,0.17,0.34,0.4,0.26,0.27,0.44,0.29,0.38,横浜・川崎は都市型で浮動票が多い。東京と似た競争的な構図。菅前首相の地盤でもある。
神奈川県8区,神奈川県,14,8,0.552,0.53,0.541,0.3,0.18,0.11,0.08,0.07,0.06,0.03,0.17,0.34,0.4,0.26,0.27,0.44,0.29,0.38,横浜・川崎は都市型で浮動票が多い。東京と似た競争的な構図。菅前首相の地盤でもある。
神奈川県9区,神奈川県,14,9,0.552,0.53,0.541,0.3,0.18,0.11,0.08,0.07,0.06,0.03,0.17,0.34,0.4,0.26,0.27,0.44,0.29,0.38,横浜・川崎は都市型で浮動票が多い。東京と似た競争的な構図。菅前首相の地盤でもある。
神奈川県10区,神奈川県,14,10,0.552,0.53,0.541,0.3,0.18,0.11,0.08,0.07,0.06,0.03,0.17,0.34,0.4,0.26,0.27,0.44,0.29,0.38,横浜・川崎は都市型で浮動票が多い。東京と似た競争的な構図。菅前首相の地盤でもある。
神奈川県11区,神奈川県,14,11,0.552,0.53,0.541,0.3,0.18,0.11,0.08,0.07,0.06,0.03,0.17,0.34,0.4,0.26,0.27,0.44,0.29,0.38,横浜・川崎は都市型で浮動票が多い。東京と似た競争的な構図。菅前首相の地盤でもある。
神奈川県12区,神奈川県,14,12,0.552,0.53,0.541,0.3,0.18,0.11,0.08,0.07,0.06,0.03,0.17,0.34,0.4,0.26,0.27,0.44,0.29,0.38,横浜・川崎は都市型で浮動票が多い。東京と似た競争的な構図。菅前首相の地盤でもある。
神奈川県13区,神奈川県,14,13,0.552,0.53,0.541,0.3,0.18,0.11,0.08,0.07,0.06,0.03,0.17,0.34,0.4,0.26,0.27,0.44,0.29,0.38,横浜・川崎は都市型で浮動票が多い。東京と似た競争的な構図。菅前首相の地盤でもある。
神奈川県14区,神奈川県,14,14,0.552,0.53,0.541,0.3,0.18,0.11,0.08,0.07,0.06,0.03,0.17,0.34,0.4,0.26,0.27,0.44,0.29,0.38,横浜・川崎は都市型で浮動票が多い。東京と似た競争的な構図。菅前首相の地盤でもある。
神奈川県15区,神奈川県,14,15,0.552,0.53,0.541,0.3,0.18,0.11,0.08,0.07,0.06,0.03,0.17,0.34,0.4,0.26,0.27,0.44,0.29,0.38,横浜・川崎は都市型で浮動票が多い。東京と似た競争的な構図。菅前首相の地盤でもある。
神奈川県16区,神奈川県,14,16,0.552,0.53,0.541,0.3,0.18,0.11,0.08,0.07,0.06,0.03,0.17,0.34,0.4,0.26,0.27,0.44,0.29,0.38,横浜・川崎は都市型で浮動票が多い。東京と似た競争的な構図。菅前首相の地盤でもある。
神奈川県17区,神奈川県,14,17,0.552,0.53,0.541,0.3,0.18,0.11,0.08,0.07,0.06,0.03,0.17,0.34,0.4,0.26,0.27,0.44,0.29,0.38,横浜・川崎は都市型で浮動票が多い。東京と似た競争的な構図。菅前首相の地盤でもある。
新潟県1区,新潟県,15,1,0.568,0.542,0.555,0.36,0.18,0.06,0.08,0.06,0.05,0.03,0.18,0.42,0.38,0.2,0.25,0.44,0.31,0.3,田中角栄以来の自民党地盤だが、野党統一候補が勝つことも。原発問題（柏崎刈羽）が重要テーマ。
新潟県2区,新潟県,15,2,0.568,0.542,0.555,0.36,0.18,0.06,0.08,0.06,0.05,0.03,0.18,0.42,0.38,0.2,0.25,0.44,0.31,0.3,田中角栄以来の自民党地盤だが、野党統一候補が勝つことも。原発問題（柏崎刈羽）が重要テーマ。
新潟県3区,新潟県,15,3,0.568,0.542,0.555,0.36,0.18,0.06,0.08,0.06,0.05,0.03,0.18,0.42,0.38,0.2,0.25,0.44,0.31,0.3,田中角栄以来の自民党地盤だが、野党統一候補が勝つことも。原発問題（柏崎刈羽）が重要テーマ。
新潟県4区,新潟県,15,4,0.568,0.542,0.555,0.36,0.18,0.06,0.08,0.06,0.05,0.03,0.18,0.42,0.38,0.2,0.25,0.44,0.31,0.3,田中角栄以来の自民党地盤だが、野党統一候補が勝つことも。原発問題（柏崎刈羽）が重要テーマ。
新潟県5区,新潟県,15,5,0.568,0.542,0.555,0.36,0.18,0.06,0.08,0.06,0.05,0.03,0.18,0.42,0.38,0.2,0.25,0.44,0.31,0.3,田中角栄以来の自民党地盤だが、野党統一候補が勝つことも。原発問題（柏崎刈羽）が重要テーマ。
新潟県6区,新潟県,15,6,0.568,0.542,0.555,0.36,0.18,0.06,0.08,0.06,0.05,0.03,0.18,0.42,0.38,0.2,0.25,0.44,0.31,0.3,田中角栄以来の自民党地盤だが、野党統一候補が勝つことも。原発問題（柏崎刈羽）が重要テーマ。
富山県1区,富山県,16,1,0.546,0.52,0.533,0.45,0.12,0.07,0.06,0.05,0.04,0.03,0.18,0.53,0.33,0.14,0.21,0.43,0.36,0.2,北陸の保守王国。LDPが圧倒的に強い。持ち家率・勤勉さの気質が保守的傾向と相関。
富山県2区,富山県,16,2,0.546,0.52,0.533,0.45,0.12,0.07,0.06,0.05,0.04,0.03,0.18,0.53,0.33,0.14,0.21,0.43,0.36,0.2,北陸の保守王国。LDPが圧倒的に強い。持ち家率・勤勉さの気質が保守的傾向と相関。
富山県3区,富山県,16,3,0.546,0.52,0.533,0.45,0.12,0.07,0.06,0.05,0.04,0.03,0.18,0.53,0.33,0.14,0.21,0.43,0.36,0.2,北陸の保守王国。LDPが圧倒的に強い。持ち家率・勤勉さの気質が保守的傾向と相関。
石川県1区,石川県,17,1,0.528,0.506,0.517,0.44,0.12,0.07,0.06,0.05,0.04,0.03,0.19,0.52,0.34,0.14,0.2,0.43,0.37,0.21,北陸の保守地盤。森喜朗元首相の出身地。金沢市でもLDPが強い。
石川県2区,石川県,17,2,0.528,0.506,0.517,0.44,0.12,0.07,0.06,0.05,0.04,0.03,0.19,0.52,0.34,0.14,0.2,0.43,0.37,0.21,北陸の保守地盤。森喜朗元首相の出身地。金沢市でもLDPが強い。
石川県3区,石川県,17,3,0.528,0.506,0.517,0.44,0.12,0.07,0.06,0.05,0.04,0.03,0.19,0.52,0.34,0.14,0.2,0.43,0.37,0.21,北陸の保守地盤。森喜朗元首相の出身地。金沢市でもLDPが強い。
福井県1区,福井県,18,1,0.558,0.532,0.545,0.46,0.11,0.07,0.06,0.05,0.04,0.03,0.18,0.55,0.32,0.13,0.22,0.44,0.34,0.18,全国有数の保守王国。LDP支持率が最も高い県の一つ。原発立地県でエネルギー政策が重要。
福井県2区,福井県,18,2,0.558,0.532,0.545,0.46,0.11,0.07,0.06,0.05,0.04,0.03,0.18,0.55,0.32,0.13,0.22,0.44,0.34,0.18,全国有数の保守王国。LDP支持率が最も高い県の一つ。原発立地県でエネルギー政策が重要。
山梨県1区,山梨県,19,1,0.53,0.51,0.52,0.38,0.16,0.08,0.07,0.06,0.04,0.03,0.18,0.44,0.37,0.19,0.21,0.43,0.36,0.28,保守的だが野党も一定の力を持つ。教職員組合の影響力があった地域。
山梨県2区,山梨県,19,2,0.53,0.51,0.52,0.38,0.16,0.08,0.07,0.06,0.04,0.03,0.18,0.44,0.37,0.19,0.21,0.43,0.36,0.28,保守的だが野党も一定の力を持つ。教職員組合の影響力があった地域。
長野県1区,長野県,20,1,0.578,0.552,0.565,0.34,0.18,0.07,0.08,0.07,0.05,0.03,0.18,0.4,0.38,0.22,0.26,0.44,0.3,0.32,投票率が高く政治意識が高い。革新系知事の伝統もあり、保守と革新が拮抗する地域。
長野県2区,長野県,20,2,0.578,0.552,0.565,0.34,0.18,0.07,0.08,0.07,0.05,0.03,0.18,0.4,0.38,0.22,0.26,0.44,0.3,0.32,投票率が高く政治意識が高い。革新系知事の伝統もあり、保守と革新が拮抗する地域。
長野県3区,長野県,20,3,0.578,0.552,0.565,0.34,0.18,0.07,0.08,0.07,0.05,0.03,0.18,0.4,0.38,0.22,0.26,0.44,0.3,0.32,投票率が高く政治意識が高い。革新系知事の伝統もあり、保守と革新が拮抗する地域。
長野県4区,長野県,20,4,0.578,0.552,0.565,0.34,0.18,0.07,0.08,0.07,0.05,0.03,0.18,0.4,0.38,0.22,0.26,0.44,0.3,0.32,投票率が高く政治意識が高い。革新系知事の伝統もあり、保守と革新が拮抗する地域。
長野県5区,長野県,20,5,0.578,0.552,0.565,0.34,0.18,0.07,0.08,0.07,0.05,0.03,0.18,0.4,0.38,0.22,0.26,0.44,0.3,0.32,投票率が高く政治意識が高い。革新系知事の伝統もあり、保守と革新が拮抗する地域。
岐阜県1区,岐阜県,21,1,0.532,0.51,0.521,0.42,0.12,0.09,0.07,0.05,0.04,0.03,0.18,0.5,0.34,0.16,0.2,0.43,0.37,0.24,保守王国。製造業が盛んで経済政策重視。名古屋圏の影響も受ける。
岐阜県2区,岐阜県,21,2,0.532,0.51,0.521,0.42,0.12,0.09,0.07,0.05,0.04,0.03,0.18,0.5,0.34,0.16,0.2,0.43,0.37,0.24,保守王国。製造業が盛んで経済政策重視。名古屋圏の影響も受ける。
岐阜県3区,岐阜県,21,3,0.532,0.51,0.521,0.42,0.12,0.09,0.07,0.05,0.04,0.03,0.18,0.5,0.34,0.16,0.2,0.43,0.37,0.24,保守王国。製造業が盛んで経済政策重視。名古屋圏の影響も受ける。
岐阜県4区,岐阜県,21,4,0.532,0.51,0.521,0.42,0.12,0.09,0.07,0.05,0.04,0.03,0.18,0.5,0.34,0.16,0.2,0.43,0.37,0.24,保守王国。製造業が盛んで経済政策重視。名古屋圏の影響も受ける。
岐阜県5区,岐阜県,21,5,0.532,0.51,0.521,0.42,0.12,0.09,0.07,0.05,0.04,0.03,0.18,0.5,0.34,0.16,0.2,0.43,0.37,0.24,保守王国。製造業が盛んで経済政策重視。名古屋圏の影響も受ける。
静岡県1区,静岡県,22,1,0.542,0.518,0.53,0.35,0.16,0.09,0.08,0.06,0.05,0.03,0.18,0.42,0.38,0.2,0.23,0.44,0.33,0.32,東西で政治傾向が異なる。西部は保守的、東部は浮動票が多い。リニア問題が政治課題。
静岡県2区,静岡県,22,2,0.542,0.518,0.53,0.35,0.16,0.09,0.08,0.06,0.05,0.03,0.18,0.42,0.38,0.2,0.23,0.44,0.33,0.32,東西で政治傾向が異なる。西部は保守的、東部は浮動票が多い。リニア問題が政治課題。
静岡県3区,静岡県,22,3,0.542,0.518,0.53,0.35,0.16,0.09,0.08,0.06,0.05,0.03,0.18,0.42,0.38,0.2,0.23,0.44,0.33,0.32,東西で政治傾向が異なる。西部は保守的、東部は浮動票が多い。リニア問題が政治課題。
静岡県4区,静岡県,22,4,0.542,0.518,0.53,0.35,0.16,0.09,0.08,0.06,0.05,0.03,0.18,0.42,0.38,0.2,0.23,0.44,0.33,0.32,東西で政治傾向が異なる。西部は保守的、東部は浮動票が多い。リニア問題が政治課題。
静岡県5区,静岡県,22,5,0.542,0.518,0.53,0.35,0.16,0.09,0.08,0.06,0.05,0.03,0.18,0.42,0.38,0.2,0.23,0.44,0.33,0.32,東西で政治傾向が異なる。西部は保守的、東部は浮動票が多い。リニア問題が政治課題。
静岡県6区,静岡県,22,6,0.542,0.518,0.53,0.35,0.16,0.09,0.08,0.06,0.05,0.03,0.18,0.42,0.38,0.2,0.23,0.44,0.33,0.32,東西で政治傾向が異なる。西部は保守的、東部は浮動票が多い。リニア問題が政治課題。
静岡県7区,静岡県,22,7,0.542,0.518,0.53,0.35,0.16,0.09,0.08,0.06,0.05,0.03,0.18,0.42,0.38,0.2,0.23,0.44,0.33,0.32,東西で政治傾向が異なる。西部は保守的、東部は浮動票が多い。リニア問題が政治課題。
静岡県8区,静岡県,22,8,0.542,0.518,0.53,0.35,0.16,0.09,0.08,0.06,0.05,0.03,0.18,0.42,0.38,0.2,0.23,0.44,0.33,0.32,東西で政治傾向が異なる。西部は保守的、東部は浮動票が多い。リニア問題が政治課題。
愛知県1区,愛知県,23,1,0.544,0.522,0.533,0.3,0.16,0.09,0.14,0.06,0.05,0.03,0.17,0.38,0.4,0.22,0.24,0.45,0.31,0.34,トヨタ労組の影響で国民民主党が強い。製造業が盛んで経済・雇用政策への関心が高い。名古屋市は競争的。
愛知県2区,愛知県,23,2,0.544,0.522,0.533,0.3,0.16,0.09,0.14,0.06,0.05,0.03,0.17,0.38,0.4,0.22,0.24,0.45,0.31,0.34,トヨタ労組の影響で国民民主党が強い。製造業が盛んで経済・雇用政策への関心が高い。名古屋市は競争的。
愛知県3区,愛知県,23,3,0.544,0.522,0.533,0.3,0.16,0.09,0.14,0.06,0.05,0.03,0.17,0.38,0.4,0.22,0.24,0.45,0.31,0.34,トヨタ労組の影響で国民民主党が強い。製造業が盛んで経済・雇用政策への関心が高い。名古屋市は競争的。
愛知県4区,愛知県,23,4,0.544,0.522,0.533,0.3,0.16,0.09,0.14,0.06,0.05,0.03,0.17,0.38,0.4,0.22,0.24,0.45,0.31,0.34,トヨタ労組の影響で国民民主党が強い。製造業が盛んで経済・雇用政策への関心が高い。名古屋市は競争的。
愛知県5区,愛知県,23,5,0.544,0.522,0.533,0.3,0.16,0.09,0.14,0.06,0.05,0.03,0.17,0.38,0.4,0.22,0.24,0.45,0.31,0.34,トヨタ労組の影響で国民民主党が強い。製造業が盛んで経済・雇用政策への関心が高い。名古屋市は競争的。
愛知県6区,愛知県,23,6,0.544,0.522,0.533,0.3,0.16,0.09,0.14,0.06,0.05,0.03,0.17,0.38,0.4,0.22,0.24,0.45,0.31,0.34,トヨタ労組の影響で国民民主党が強い。製造業が盛んで経済・雇用政策への関心が高い。名古屋市は競争的。
愛知県7区,愛知県,23,7,0.544,0.522,0.533,0.3,0.16,0.09,0.14,0.06,0.05,0.03,0.17,0.38,0.4,0.22,0.24,0.45,0.31,0.34,トヨタ労組の影響で国民民主党が強い。製造業が盛んで経済・雇用政策への関心が高い。名古屋市は競争的。
愛知県8区,愛知県,23,8,0.544,0.522,0.533,0.3,0.16,0.09,0.14,0.06,0.05,0.03,0.17,0.38,0.4,0.22,0.24,0.45,0.31,0.34,トヨタ労組の影響で国民民主党が強い。製造業が盛んで経済・雇用政策への関心が高い。名古屋市は競争的。
愛知県9区,愛知県,23,9,0.544,0.522,0.533,0.3,0.16,0.09,0.14,0.06,0.05,0.03,0.17,0.38,0.4,0.22,0.24,0.45,0.31,0.34,トヨタ労組の影響で国民民主党が強い。製造業が盛んで経済・雇用政策への関心が高い。名古屋市は競争的。
愛知県10区,愛知県,23,10,0.544,0.522,0.533,0.3,0.16,0.09,0.14,0.06,0.05,0.03,0.17,0.38,0.4,0.22,0.24,0.45,0.31,0.34,トヨタ労組の影響で国民民主党が強い。製造業が盛んで経済・雇用政策への関心が高い。名古屋市は競争的。
愛知県11区,愛知県,23,11,0.544,0.522,0.533,0.3,0.16,0.09,0.14,0.06,0.05,0.03,0.17,0.38,0.4,0.22,0.24,0.45,0.31,0.34,トヨタ労組の影響で国民民主党が強い。製造業が盛んで経済・雇用政策への関心が高い。名古屋市は競争的。
愛知県12区,愛知県,23,12,0.544,0.522,0.533,0.3,0.16,0.09,0.14,0.06,0.05,0.03,0.17,0.38,0.4,0.22,0.24,0.45,0.31,0.34,トヨタ労組の影響で国民民主党が強い。製造業が盛んで経済・雇用政策への関心が高い。名古屋市は競争的。
愛知県13区,愛知県,23,13,0.544,0.522,0.533,0.3,0.16,0.09,0.14,0.06,0.05,0.03,0.17,0.38,0.4,0.22,0.24,0.45,0.31,0.34,トヨタ労組の影響で国民民主党が強い。製造業が盛んで経済・雇用政策への関心が高い。名古屋市は競争的。
愛知県14区,愛知県,23,14,0.544,0.522,0.533,0.3,0.16,0.09,0.14,0.06,0.05,0.03,0.17,0.38,0.4,0.22,0.24,0.45,0.31,0.34,トヨタ労組の影響で国民民主党が強い。製造業が盛んで経済・雇用政策への関心が高い。名古屋市は競争的。
愛知県15区,愛知県,23,15,0.544,0.522,0.533,0.3,0.16,0.09,0.14,0.06,0.05,0.03,0.17,0.38,0.4,0.22,0.24,0.45,0.31,0.34,トヨタ労組の影響で国民民主党が強い。製造業が盛んで経済・雇用政策への関心が高い。名古屋市は競争的。
三重県1区,三重県,24,1,0.538,0.514,0.526,0.34,0.16,0.09,0.1,0.06,0.04,0.03,0.18,0.42,0.38,0.2,0.22,0.44,0.34,0.3,愛知と同様に製造業労組の影響あり。岡田克也の地盤。南部は保守的。
三重県2区,三重県,24,2,0.538,0.514,0.526,0.34,0.16,0.09,0.1,0.06,0.04,0.03,0.18,0.42,0.38,0.2,0.22,0.44,0.34,0.3,愛知と同様に製造業労組の影響あり。岡田克也の地盤。南部は保守的。
三重県3区,三重県,24,3,0.538,0.514,0.526,0.34,0.16,0.09,0.1,0.06,0.04,0.03,0.18,0.42,0.38,0.2,0.22,0.44,0.34,0.3,愛知と同様に製造業労組の影響あり。岡田克也の地盤。南部は保守的。
三重県4区,三重県,24,4,0.538,0.514,0.526,0.34,0.16,0.09,0.1,0.06,0.04,0.03,0.18,0.42,0.38,0.2,0.22,0.44,0.34,0.3,愛知と同様に製造業労組の影響あり。岡田克也の地盤。南部は保守的。
三重県5区,三重県,24,5,0.538,0.514,0.526,0.34,0.16,0.09,0.1,0.06,0.04,0.03,0.18,0.42,0.38,0.2,0.22,0.44,0.34,0.3,愛知と同様に製造業労組の影響あり。岡田克也の地盤。南部は保守的。
滋賀県1区,滋賀県,25,1,0.536,0.512,0.524,0.34,0.16,0.12,0.07,0.06,0.05,0.03,0.17,0.4,0.38,0.22,0.23,0.44,0.33,0.33,京阪神のベッドタウン。大阪の維新の影響も及ぶ。環境政策（琵琶湖）への関心が高い。
滋賀県2区,滋賀県,25,2,0.536,0.512,0.524,0.34,0.16,0.12,0.07,0.06,0.05,0.03,0.17,0.4,0.38,0.22,0.23,0.44,0.33,0.33,京阪神のベッドタウン。大阪の維新の影響も及ぶ。環境政策（琵琶湖）への関心が高い。
滋賀県3区,滋賀県,25,3,0.536,0.512,0.524,0.34,0.16,0.12,0.07,0.06,0.05,0.03,0.17,0.4,0.38,0.22,0.23,0.44,0.33,0.33,京阪神のベッドタウン。大阪の維新の影響も及ぶ。環境政策（琵琶湖）への関心が高い。
滋賀県4区,滋賀県,25,4,0.536,0.512,0.524,0.34,0.16,0.12,0.07,0.06,0.05,0.03,0.17,0.4,0.38,0.22,0.23,0.44,0.33,0.33,京阪神のベッドタウン。大阪の維新の影響も及ぶ。環境政策（琵琶湖）への関心が高い。
京都府1区,京都府,26,1,0.548,0.524,0.536,0.28,0.16,0.12,0.06,0.12,0.06,0.03,0.17,0.32,0.38,0.3,0.28,0.44,0.28,0.35,共産党が伝統的に強い「革新の牙城」。大学が多く学生・知識層の影響。北部は保守的。
京都府2区,京都府,26,2,0.548,0.524,0.536,0.28,0.16,0.12,0.06,0.12,0.06,0.03,0.17,0.32,0.38,0.3,0.28,0.44,0.28,0.35,共産党が伝統的に強い「革新の牙城」。大学が多く学生・知識層の影響。北部は保守的。
京都府3区,京都府,26,3,0.548,0.524,0.536,0.28,0.16,0.12,0.06,0.12,0.06,0.03,0.17,0.32,0.38,0.3,0.28,0.44,0.28,0.35,共産党が伝統的に強い「革新の牙城」。大学が多く学生・知識層の影響。北部は保守的。
京都府4区,京都府,26,4,0.548,0.524,0.536,0.28,0.16,0.12,0.06,0.12,0.06,0.03,0.17,0.32,0.38,0.3,0.28,0.44,0.28,0.35,共産党が伝統的に強い「革新の牙城」。大学が多く学生・知識層の影響。北部は保守的。
京都府5区,京都府,26,5,0.548,0.524,0.536,0.28,0.16,0.12,0.06,0.12,0.06,0.03,0.17,0.32,0.38,0.3,0.28,0.44,0.28,0.35,共産党が伝統的に強い「革新の牙城」。大学が多く学生・知識層の影響。北部は保守的。
京都府6区,京都府,26,6,0.548,0.524,0.536,0.28,0.16,0.12,0.06,0.12,0.06,0.03,0.17,0.32,0.38,0.3,0.28,0.44,0.28,0.35,共産党が伝統的に強い「革新の牙城」。大学が多く学生・知識層の影響。北部は保守的。
大阪府1区,大阪府,27,1,0.556,0.532,0.544,0.2,0.12,0.32,0.05,0.07,0.06,0.03,0.15,0.3,0.42,0.28,0.28,0.44,0.28,0.38,維新の会が圧倒的に強い独特の政治環境。大阪都構想など地方自治が重要テーマ。反既成政党感情が強い。
大阪府2区,大阪府,27,2,0.556,0.532,0.544,0.2,0.12,0.32,0.05,0.07,0.06,0.03,0.15,0.3,0.42,0.28,0.28,0.44,0.28,0.38,維新の会が圧倒的に強い独特の政治環境。大阪都構想など地方自治が重要テーマ。反既成政党感情が強い。
大阪府3区,大阪府,27,3,0.556,0.532,0.544,0.2,0.12,0.32,0.05,0.07,0.06,0.03,0.15,0.3,0.42,0.28,0.28,0.44,0.28,0.38,維新の会が圧倒的に強い独特の政治環境。大阪都構想など地方自治が重要テーマ。反既成政党感情が強い。
大阪府4区,大阪府,27,4,0.556,0.532,0.544,0.2,0.12,0.32,0.05,0.07,0.06,0.03,0.15,0.3,0.42,0.28,0.28,0.44,0.28,0.38,維新の会が圧倒的に強い独特の政治環境。大阪都構想など地方自治が重要テーマ。反既成政党感情が強い。
大阪府5区,大阪府,27,5,0.556,0.532,0.544,0.2,0.12,0.32,0.05,0.07,0.06,0.03,0.15,0.3,0.42,0.28,0.28,0.44,0.28,0.38,維新の会が圧倒的に強い独特の政治環境。大阪都構想など地方自治が重要テーマ。反既成政党感情が強い。
大阪府6区,大阪府,27,6,0.556,0.532,0.544,0.2,0.12,0.32,0.05,0.07,0.06,0.03,0.15,0.3,0.42,0.28,0.28,0.44,0.28,0.38,維新の会が圧倒的に強い独特の政治環境。大阪都構想など地方自治が重要テーマ。反既成政党感情が強い。
大阪府7区,大阪府,27,7,0.556,0.532,0.544,0.2,0.12,0.32,0.05,0.07,0.06,0.03,0.15,0.3,0.42,0.28,0.28,0.44,0.28,0.38,維新の会が圧倒的に強い独特の政治環境。大阪都構想など地方自治が重要テーマ。反既成政党感情が強い。
大阪府8区,大阪府,27,8,0.556,0.532,0.544,0.2,0.12,0.32,0.05,0.07,0.06,0.03,0.15,0.3,0.42,0.28,0.28,0.44,0.28,0.38,維新の会が圧倒的に強い独特の政治環境。大阪都構想など地方自治が重要テーマ。反既成政党感情が強い。
大阪府9区,大阪府,27,9,0.556,0.532,0.544,0.2,0.12,0.32,0.05,0.07,0.06,0.03,0.15,0.3,0.42,0.28,0.28,0.44,0.28,0.38,維新の会が圧倒的に強い独特の政治環境。大阪都構想など地方自治が重要テーマ。反既成政党感情が強い。
大阪府10区,大阪府,27,10,0.556,0.532,0.544,0.2,0.12,0.32,0.05,0.07,0.06,0.03,0.15,0.3,0.42,0.28,0.28,0.44,0.28,0.38,維新の会が圧倒的に強い独特の政治環境。大阪都構想など地方自治が重要テーマ。反既成政党感情が強い。
大阪府11区,大阪府,27,11,0.556,0.532,0.544,0.2,0.12,0.32,0.05,0.07,0.06,0.03,0.15,0.3,0.42,0.28,0.28,0.44,0.28,0.38,維新の会が圧倒的に強い独特の政治環境。大阪都構想など地方自治が重要テーマ。反既成政党感情が強い。
大阪府12区,大阪府,27,12,0.556,0.532,0.544,0.2,0.12,0.32,0.05,0.07,0.06,0.03,0.15,0.3,0.42,0.28,0.28,0.44,0.28,0.38,維新の会が圧倒的に強い独特の政治環境。大阪都構想など地方自治が重要テーマ。反既成政党感情が強い。
大阪府13区,大阪府,27,13,0.556,0.532,0.544,0.2,0.12,0.32,0.05,0.07,0.06,0.03,0.15,0.3,0.42,0.28,0.28,0.44,0.28,0.38,維新の会が圧倒的に強い独特の政治環境。大阪都構想など地方自治が重要テーマ。反既成政党感情が強い。
大阪府14区,大阪府,27,14,0.556,0.532,0.544,0.2,0.12,0.32,0.05,0.07,0.06,0.03,0.15,0.3,0.42,0.28,0.28,0.44,0.28,0.38,維新の会が圧倒的に強い独特の政治環境。大阪都構想など地方自治が重要テーマ。反既成政党感情が強い。
大阪府15区,大阪府,27,15,0.556,0.532,0.544,0.2,0.12,0.32,0.05,0.07,0.06,0.03,0.15,0.3,0.42,0.28,0.28,0.44,0.28,0.38,維新の会が圧倒的に強い独特の政治環境。大阪都構想など地方自治が重要テーマ。反既成政党感情が強い。
大阪府16区,大阪府,27,16,0.556,0.532,0.544,0.2,0.12,0.32,0.05,0.07,0.06,0.03,0.15,0.3,0.42,0.28,0.28,0.44,0.28,0.38,維新の会が圧倒的に強い独特の政治環境。大阪都構想など地方自治が重要テーマ。反既成政党感情が強い。
大阪府17区,大阪府,27,17,0.556,0.532,0.544,0.2,0.12,0.32,0.05,0.07,0.06,0.03,0.15,0.3,0.42,0.28,0.28,0.44,0.28,0.38,維新の会が圧倒的に強い独特の政治環境。大阪都構想など地方自治が重要テーマ。反既成政党感情が強い。
大阪府18区,大阪府,27,18,0.556,0.532,0.544,0.2,0.12,0.32,0.05,0.07,0.06,0.03,0.15,0.3,0.42,0.28,0.28,0.44,0.28,0.38,維新の会が圧倒的に強い独特の政治環境。大阪都構想など地方自治が重要テーマ。反既成政党感情が強い。
大阪府19区,大阪府,27,19,0.556,0.532,0.544,0.2,0.12,0.32,0.05,0.07,0.06,0.03,0.15,0.3,0.42,0.28,0.28,0.44,0.28,0.38,維新の会が圧倒的に強い独特の政治環境。大阪都構想など地方自治が重要テーマ。反既成政党感情が強い。
兵庫県1区,兵庫県,28,1,0.542,0.518,0.53,0.28,0.15,0.22,0.06,0.07,0.05,0.03,0.14,0.34,0.4,0.26,0.25,0.44,0.31,0.36,大阪の影響で維新が強い。神戸市は多党競合。北部・西部の農村部はLDPが優勢。
兵庫県2区,兵庫県,28,2,0.542,0.518,0.53,0.28,0.15,0.22,0.06,0.07,0.05,0.03,0.14,0.34,0.4,0.26,0.25,0.44,0.31,0.36,大阪の影響で維新が強い。神戸市は多党競合。北部・西部の農村部はLDPが優勢。
兵庫県3区,兵庫県,28,3,0.542,0.518,0.53,0.28,0.15,0.22,0.06,0.07,0.05,0.03,0.14,0.34,0.4,0.26,0.25,0.44,0.31,0.36,大阪の影響で維新が強い。神戸市は多党競合。北部・西部の農村部はLDPが優勢。
兵庫県4区,兵庫県,28,4,0.542,0.518,0.53,0.28,0.15,0.22,0.06,0.07,0.05,0.03,0.14,0.34,0.4,0.26,0.25,0.44,0.31,0.36,大阪の影響で維新が強い。神戸市は多党競合。北部・西部の農村部はLDPが優勢。
兵庫県5区,兵庫県,28,5,0.542,0.518,0.53,0.28,0.15,0.22,0.06,0.07,0.05,0.03,0.14,0.34,0.4,0.26,0.25,0.44,0.31,0.36,大阪の影響で維新が強い。神戸市は多党競合。北部・西部の農村部はLDPが優勢。
兵庫県6区,兵庫県,28,6,0.542,0.518,0.53,0.28,0.15,0.22,0.06,0.07,0.05,0.03,0.14,0.34,0.4,0.26,0.25,0.44,0.31,0.36,大阪の影響で維新が強い。神戸市は多党競合。北部・西部の農村部はLDPが優勢。
兵庫県7区,兵庫県,28,7,0.542,0.518,0.53,0.28,0.15,0.22,0.06,0.07,0.05,0.03,0.14,0.34,0.4,0.26,0.25,0.44,0.31,0.36,大阪の影響で維新が強い。神戸市は多党競合。北部・西部の農村部はLDPが優勢。
兵庫県8区,兵庫県,28,8,0.542,0.518,0.53,0.28,0.15,0.22,0.06,0.07,0.05,0.03,0.14,0.34,0.4,0.26,0.25,0.44,0.31,0.36,大阪の影響で維新が強い。神戸市は多党競合。北部・西部の農村部はLDPが優勢。
兵庫県9区,兵庫県,28,9,0.542,0.518,0.53,0.28,0.15,0.22,0.06,0.07,0.05,0.03,0.14,0.34,0.4,0.26,0.25,0.44,0.31,0.36,大阪の影響で維新が強い。神戸市は多党競合。北部・西部の農村部はLDPが優勢。
兵庫県10区,兵庫県,28,10,0.542,0.518,0.53,0.28,0.15,0.22,0.06,0.07,0.05,0.03,0.14,0.34,0.4,0.26,0.25,0.44,0.31,0.36,大阪の影響で維新が強い。神戸市は多党競合。北部・西部の農村部はLDPが優勢。
兵庫県11区,兵庫県,28,11,0.542,0.518,0.53,0.28,0.15,0.22,0.06,0.07,0.05,0.03,0.14,0.34,0.4,0.26,0.25,0.44,0.31,0.36,大阪の影響で維新が強い。神戸市は多党競合。北部・西部の農村部はLDPが優勢。
兵庫県12区,兵庫県,28,12,0.542,0.518,0.53,0.28,0.15,0.22,0.06,0.07,0.05,0.03,0.14,0.34,0.4,0.26,0.25,0.44,0.31,0.36,大阪の影響で維新が強い。神戸市は多党競合。北部・西部の農村部はLDPが優勢。
奈良県1区,奈良県,29,1,0.532,0.508,0.52,0.3,0.14,0.2,0.06,0.07,0.05,0.03,0.15,0.38,0.38,0.24,0.22,0.44,0.34,0.34,大阪のベッドタウンで維新の影響が強い。南部は保守的な農村地帯。
奈良県2区,奈良県,29,2,0.532,0.508,0.52,0.3,0.14,0.2,0.06,0.07,0.05,0.03,0.15,0.38,0.38,0.24,0.22,0.44,0.34,0.34,大阪のベッドタウンで維新の影響が強い。南部は保守的な農村地帯。
奈良県3区,奈良県,29,3,0.532,0.508,0.52,0.3,0.14,0.2,0.06,0.07,0.05,0.03,0.15,0.38,0.38,0.24,0.22,0.44,0.34,0.34,大阪のベッドタウンで維新の影響が強い。南部は保守的な農村地帯。
奈良県4区,奈良県,29,4,0.532,0.508,0.52,0.3,0.14,0.2,0.06,0.07,0.05,0.03,0.15,0.38,0.38,0.24,0.22,0.44,0.34,0.34,大阪のベッドタウンで維新の影響が強い。南部は保守的な農村地帯。
和歌山県1区,和歌山県,30,1,0.522,0.498,0.51,0.38,0.12,0.14,0.06,0.06,0.04,0.03,0.17,0.46,0.36,0.18,0.2,0.42,0.38,0.26,二階俊博元幹事長の地盤として知られる保守地域。大阪に近い北部は維新の影響も。
和歌山県2区,和歌山県,30,2,0.522,0.498,0.51,0.38,0.12,0.14,0.06,0.06,0.04,0.03,0.17,0.46,0.36,0.18,0.2,0.42,0.38,0.26,二階俊博元幹事長の地盤として知られる保守地域。大阪に近い北部は維新の影響も。
和歌山県3区,和歌山県,30,3,0.522,0.498,0.51,0.38,0.12,0.14,0.06,0.06,0.04,0.03,0.17,0.46,0.36,0.18,0.2,0.42,0.38,0.26,二階俊博元幹事長の地盤として知られる保守地域。大阪に近い北部は維新の影響も。
鳥取県1区,鳥取県,31,1,0.558,0.534,0.546,0.42,0.13,0.08,0.06,0.06,0.04,0.03,0.18,0.5,0.34,0.16,0.22,0.44,0.34,0.24,人口最少県。石破茂の地盤。保守的だが投票率は比較的高い。過疎化対策が重要課題。
鳥取県2区,鳥取県,31,2,0.558,0.534,0.546,0.42,0.13,0.08,0.06,0.06,0.04,0.03,0.18,0.5,0.34,0.16,0.22,0.44,0.34,0.24,人口最少県。石破茂の地盤。保守的だが投票率は比較的高い。過疎化対策が重要課題。
島根県1区,島根県,32,1,0.568,0.544,0.556,0.46,0.12,0.06,0.06,0.05,0.04,0.03,0.18,0.55,0.32,0.13,0.24,0.44,0.32,0.18,竹下登元首相の地盤。全国有数のLDP地盤。投票率は高いが保守票が固い。原発（島根原発）が課題。
島根県2区,島根県,32,2,0.568,0.544,0.556,0.46,0.12,0.06,0.06,0.05,0.04,0.03,0.18,0.55,0.32,0.13,0.24,0.44,0.32,0.18,竹下登元首相の地盤。全国有数のLDP地盤。投票率は高いが保守票が固い。原発（島根原発）が課題。
岡山県1区,岡山県,33,1,0.524,0.502,0.513,0.38,0.14,0.1,0.06,0.06,0.05,0.03,0.18,0.46,0.36,0.18,0.21,0.43,0.36,0.28,保守的な地域。岡山市は比較的競争的。製造業が盛んで経済政策への関心が高い。
岡山県2区,岡山県,33,2,0.524,0.502,0.513,0.38,0.14,0.1,0.06,0.06,0.05,0.03,0.18,0.46,0.36,0.18,0.21,0.43,0.36,0.28,保守的な地域。岡山市は比較的競争的。製造業が盛んで経済政策への関心が高い。
岡山県3区,岡山県,33,3,0.524,0.502,0.513,0.38,0.14,0.1,0.06,0.06,0.05,0.03,0.18,0.46,0.36,0.18,0.21,0.43,0.36,0.28,保守的な地域。岡山市は比較的競争的。製造業が盛んで経済政策への関心が高い。
岡山県4区,岡山県,33,4,0.524,0.502,0.513,0.38,0.14,0.1,0.06,0.06,0.05,0.03,0.18,0.46,0.36,0.18,0.21,0.43,0.36,0.28,保守的な地域。岡山市は比較的競争的。製造業が盛んで経済政策への関心が高い。
岡山県5区,岡山県,33,5,0.524,0.502,0.513,0.38,0.14,0.1,0.06,0.06,0.05,0.03,0.18,0.46,0.36,0.18,0.21,0.43,0.36,0.28,保守的な地域。岡山市は比較的競争的。製造業が盛んで経済政策への関心が高い。
広島県1区,広島県,34,1,0.528,0.504,0.516,0.36,0.15,0.1,0.07,0.07,0.05,0.03,0.17,0.42,0.38,0.2,0.24,0.44,0.32,0.3,保守的だが広島市は平和運動の影響で核・安保政策への意識が高い。岸田文雄前首相の地盤。
広島県2区,広島県,34,2,0.528,0.504,0.516,0.36,0.15,0.1,0.07,0.07,0.05,0.03,0.17,0.42,0.38,0.2,0.24,0.44,0.32,0.3,保守的だが広島市は平和運動の影響で核・安保政策への意識が高い。岸田文雄前首相の地盤。
広島県3区,広島県,34,3,0.528,0.504,0.516,0.36,0.15,0.1,0.07,0.07,0.05,0.03,0.17,0.42,0.38,0.2,0.24,0.44,0.32,0.3,保守的だが広島市は平和運動の影響で核・安保政策への意識が高い。岸田文雄前首相の地盤。
広島県4区,広島県,34,4,0.528,0.504,0.516,0.36,0.15,0.1,0.07,0.07,0.05,0.03,0.17,0.42,0.38,0.2,0.24,0.44,0.32,0.3,保守的だが広島市は平和運動の影響で核・安保政策への意識が高い。岸田文雄前首相の地盤。
広島県5区,広島県,34,5,0.528,0.504,0.516,0.36,0.15,0.1,0.07,0.07,0.05,0.03,0.17,0.42,0.38,0.2,0.24,0.44,0.32,0.3,保守的だが広島市は平和運動の影響で核・安保政策への意識が高い。岸田文雄前首相の地盤。
広島県6区,広島県,34,6,0.528,0.504,0.516,0.36,0.15,0.1,0.07,0.07,0.05,0.03,0.17,0.42,0.38,0.2,0.24,0.44,0.32,0.3,保守的だが広島市は平和運動の影響で核・安保政策への意識が高い。岸田文雄前首相の地盤。
広島県7区,広島県,34,7,0.528,0.504,0.516,0.36,0.15,0.1,0.07,0.07,0.05,0.03,0.17,0.42,0.38,0.2,0.24,0.44,0.32,0.3,保守的だが広島市は平和運動の影響で核・安保政策への意識が高い。岸田文雄前首相の地盤。
山口県1区,山口県,35,1,0.518,0.494,0.506,0.48,0.11,0.07,0.05,0.05,0.04,0.03,0.17,0.58,0.3,0.12,0.2,0.42,0.38,0.16,安倍晋三元首相をはじめ多くの首相を輩出。全国最強のLDP地盤の一つ。保守色が極めて強い。
山口県2区,山口県,35,2,0.518,0.494,0.506,0.48,0.11,0.07,0.05,0.05,0.04,0.03,0.17,0.58,0.3,0.12,0.2,0.42,0.38,0.16,安倍晋三元首相をはじめ多くの首相を輩出。全国最強のLDP地盤の一つ。保守色が極めて強い。
山口県3区,山口県,35,3,0.518,0.494,0.506,0.48,0.11,0.07,0.05,0.05,0.04,0.03,0.17,0.58,0.3,0.12,0.2,0.42,0.38,0.16,安倍晋三元首相をはじめ多くの首相を輩出。全国最強のLDP地盤の一つ。保守色が極めて強い。
山口県4区,山口県,35,4,0.518,0.494,0.506,0.48,0.11,0.07,0.05,0.05,0.04,0.03,0.17,0.58,0.3,0.12,0.2,0.42,0.38,0.16,安倍晋三元首相をはじめ多くの首相を輩出。全国最強のLDP地盤の一つ。保守色が極めて強い。
徳島県1区,徳島県,36,1,0.502,0.478,0.49,0.4,0.13,0.1,0.06,0.06,0.04,0.03,0.18,0.48,0.35,0.17,0.19,0.41,0.4,0.24,四国の保守地盤。投票率は低め。過疎化が深刻。関西圏の影響で維新もやや浸透。
徳島県2区,徳島県,36,2,0.502,0.478,0.49,0.4,0.13,0.1,0.06,0.06,0.04,0.03,0.18,0.48,0.35,0.17,0.19,0.41,0.4,0.24,四国の保守地盤。投票率は低め。過疎化が深刻。関西圏の影響で維新もやや浸透。
香川県1区,香川県,37,1,0.508,0.486,0.497,0.4,0.13,0.1,0.06,0.06,0.04,0.03,0.18,0.48,0.35,0.17,0.19,0.42,0.39,0.24,四国の保守地盤。高松市は比較的都市的だが全体的にLDPが優勢。
香川県2区,香川県,37,2,0.508,0.486,0.497,0.4,0.13,0.1,0.06,0.06,0.04,0.03,0.18,0.48,0.35,0.17,0.19,0.42,0.39,0.24,四国の保守地盤。高松市は比較的都市的だが全体的にLDPが優勢。
香川県3区,香川県,37,3,0.508,0.486,0.497,0.4,0.13,0.1,0.06,0.06,0.04,0.03,0.18,0.48,0.35,0.17,0.19,0.42,0.39,0.24,四国の保守地盤。高松市は比較的都市的だが全体的にLDPが優勢。
愛媛県1区,愛媛県,38,1,0.516,0.492,0.504,0.38,0.14,0.09,0.07,0.06,0.04,0.03,0.19,0.46,0.36,0.18,0.2,0.42,0.38,0.26,四国最大の県。松山市は比較的競争的だが全体はLDP優勢。柑橘農業が主要産業。
愛媛県2区,愛媛県,38,2,0.516,0.492,0.504,0.38,0.14,0.09,0.07,0.06,0.04,0.03,0.19,0.46,0.36,0.18,0.2,0.42,0.38,0.26,四国最大の県。松山市は比較的競争的だが全体はLDP優勢。柑橘農業が主要産業。
愛媛県3区,愛媛県,38,3,0.516,0.492,0.504,0.38,0.14,0.09,0.07,0.06,0.04,0.03,0.19,0.46,0.36,0.18,0.2,0.42,0.38,0.26,四国最大の県。松山市は比較的競争的だが全体はLDP優勢。柑橘農業が主要産業。
愛媛県4区,愛媛県,38,4,0.516,0.492,0.504,0.38,0.14,0.09,0.07,0.06,0.04,0.03,0.19,0.46,0.36,0.18,0.2,0.42,0.38,0.26,四国最大の県。松山市は比較的競争的だが全体はLDP優勢。柑橘農業が主要産業。
高知県1区,高知県,39,1,0.494,0.47,0.482,0.36,0.15,0.08,0.07,0.08,0.05,0.03,0.18,0.42,0.36,0.22,0.2,0.4,0.4,0.28,四国の中では比較的革新的。自由民権運動発祥の地。投票率は全国最低レベル。過疎化が深刻。
高知県2区,高知県,39,2,0.494,0.47,0.482,0.36,0.15,0.08,0.07,0.08,0.05,0.03,0.18,0.42,0.36,0.22,0.2,0.4,0.4,0.28,四国の中では比較的革新的。自由民権運動発祥の地。投票率は全国最低レベル。過疎化が深刻。
福岡県1区,福岡県,40,1,0.528,0.504,0.516,0.32,0.16,0.1,0.07,0.07,0.06,0.03,0.19,0.38,0.4,0.22,0.24,0.44,0.32,0.34,九州最大の都市圏。福岡市は競争的で浮動票が多い。北九州は労組の影響。筑後地方は保守的。
福岡県2区,福岡県,40,2,0.528,0.504,0.516,0.32,0.16,0.1,0.07,0.07,0.06,0.03,0.19,0.38,0.4,0.22,0.24,0.44,0.32,0.34,九州最大の都市圏。福岡市は競争的で浮動票が多い。北九州は労組の影響。筑後地方は保守的。
福岡県3区,福岡県,40,3,0.528,0.504,0.516,0.32,0.16,0.1,0.07,0.07,0.06,0.03,0.19,0.38,0.4,0.22,0.24,0.44,0.32,0.34,九州最大の都市圏。福岡市は競争的で浮動票が多い。北九州は労組の影響。筑後地方は保守的。
福岡県4区,福岡県,40,4,0.528,0.504,0.516,0.32,0.16,0.1,0.07,0.07,0.06,0.03,0.19,0.38,0.4,0.22,0.24,0.44,0.32,0.34,九州最大の都市圏。福岡市は競争的で浮動票が多い。北九州は労組の影響。筑後地方は保守的。
福岡県5区,福岡県,40,5,0.528,0.504,0.516,0.32,0.16,0.1,0.07,0.07,0.06,0.03,0.19,0.38,0.4,0.22,0.24,0.44,0.32,0.34,九州最大の都市圏。福岡市は競争的で浮動票が多い。北九州は労組の影響。筑後地方は保守的。
福岡県6区,福岡県,40,6,0.528,0.504,0.516,0.32,0.16,0.1,0.07,0.07,0.06,0.03,0.19,0.38,0.4,0.22,0.24,0.44,0.32,0.34,九州最大の都市圏。福岡市は競争的で浮動票が多い。北九州は労組の影響。筑後地方は保守的。
福岡県7区,福岡県,40,7,0.528,0.504,0.516,0.32,0.16,0.1,0.07,0.07,0.06,0.03,0.19,0.38,0.4,0.22,0.24,0.44,0.32,0.34,九州最大の都市圏。福岡市は競争的で浮動票が多い。北九州は労組の影響。筑後地方は保守的。
福岡県8区,福岡県,40,8,0.528,0.504,0.516,0.32,0.16,0.1,0.07,0.07,0.06,0.03,0.19,0.38,0.4,0.22,0.24,0.44,0.32,0.34,九州最大の都市圏。福岡市は競争的で浮動票が多い。北九州は労組の影響。筑後地方は保守的。
福岡県9区,福岡県,40,9,0.528,0.504,0.516,0.32,0.16,0.1,0.07,0.07,0.06,0.03,0.19,0.38,0.4,0.22,0.24,0.44,0.32,0.34,九州最大の都市圏。福岡市は競争的で浮動票が多い。北九州は労組の影響。筑後地方は保守的。
福岡県10区,福岡県,40,10,0.528,0.504,0.516,0.32,0.16,0.1,0.07,0.07,0.06,0.03,0.19,0.38,0.4,0.22,0.24,0.44,0.32,0.34,九州最大の都市圏。福岡市は競争的で浮動票が多い。北九州は労組の影響。筑後地方は保守的。
福岡県11区,福岡県,40,11,0.528,0.504,0.516,0.32,0.16,0.1,0.07,0.07,0.06,0.03,0.19,0.38,0.4,0.22,0.24,0.44,0.32,0.34,九州最大の都市圏。福岡市は競争的で浮動票が多い。北九州は労組の影響。筑後地方は保守的。
佐賀県1区,佐賀県,41,1,0.536,0.51,0.523,0.42,0.12,0.07,0.06,0.05,0.04,0.04,0.2,0.5,0.34,0.16,0.2,0.43,0.37,0.22,保守的な農村県。オスプレイ配備問題など安全保障が地域課題。LDPが安定的に強い。
佐賀県2区,佐賀県,41,2,0.536,0.51,0.523,0.42,0.12,0.07,0.06,0.05,0.04,0.04,0.2,0.5,0.34,0.16,0.2,0.43,0.37,0.22,保守的な農村県。オスプレイ配備問題など安全保障が地域課題。LDPが安定的に強い。
長崎県1区,長崎県,42,1,0.524,0.498,0.511,0.38,0.14,0.08,0.06,0.06,0.05,0.03,0.2,0.44,0.36,0.2,0.22,0.43,0.35,0.28,被爆地として平和運動が盛ん。保守地盤だが核・安保政策には敏感。離島も多く地域課題が多様。
長崎県2区,長崎県,42,2,0.524,0.498,0.511,0.38,0.14,0.08,0.06,0.06,0.05,0.03,0.2,0.44,0.36,0.2,0.22,0.43,0.35,0.28,被爆地として平和運動が盛ん。保守地盤だが核・安保政策には敏感。離島も多く地域課題が多様。
長崎県3区,長崎県,42,3,0.524,0.498,0.511,0.38,0.14,0.08,0.06,0.06,0.05,0.03,0.2,0.44,0.36,0.2,0.22,0.43,0.35,0.28,被爆地として平和運動が盛ん。保守地盤だが核・安保政策には敏感。離島も多く地域課題が多様。
熊本県1区,熊本県,43,1,0.532,0.508,0.52,0.4,0.13,0.08,0.06,0.06,0.05,0.04,0.18,0.48,0.35,0.17,0.21,0.43,0.36,0.25,保守的な地域。TSMC進出で経済が活性化。水俣病など環境問題の歴史もあり一部で革新的な運動も。
熊本県2区,熊本県,43,2,0.532,0.508,0.52,0.4,0.13,0.08,0.06,0.06,0.05,0.04,0.18,0.48,0.35,0.17,0.21,0.43,0.36,0.25,保守的な地域。TSMC進出で経済が活性化。水俣病など環境問題の歴史もあり一部で革新的な運動も。
熊本県3区,熊本県,43,3,0.532,0.508,0.52,0.4,0.13,0.08,0.06,0.06,0.05,0.04,0.18,0.48,0.35,0.17,0.21,0.43,0.36,0.25,保守的な地域。TSMC進出で経済が活性化。水俣病など環境問題の歴史もあり一部で革新的な運動も。
熊本県4区,熊本県,43,4,0.532,0.508,0.52,0.4,0.13,0.08,0.06,0.06,0.05,0.04,0.18,0.48,0.35,0.17,0.21,0.43,0.36,0.25,保守的な地域。TSMC進出で経済が活性化。水俣病など環境問題の歴史もあり一部で革新的な運動も。
熊本県5区,熊本県,43,5,0.532,0.508,0.52,0.4,0.13,0.08,0.06,0.06,0.05,0.04,0.18,0.48,0.35,0.17,0.21,0.43,0.36,0.25,保守的な地域。TSMC進出で経済が活性化。水俣病など環境問題の歴史もあり一部で革新的な運動も。
大分県1区,大分県,44,1,0.53,0.506,0.518,0.36,0.16,0.08,0.07,0.06,0.05,0.03,0.19,0.42,0.38,0.2,0.21,0.43,0.36,0.28,社会党の源流「大分方式」で知られる。九州では比較的革新的な伝統がある。村山富市元首相の出身地。
大分県2区,大分県,44,2,0.53,0.506,0.518,0.36,0.16,0.08,0.07,0.06,0.05,0.03,0.19,0.42,0.38,0.2,0.21,0.43,0.36,0.28,社会党の源流「大分方式」で知られる。九州では比較的革新的な伝統がある。村山富市元首相の出身地。
大分県3区,大分県,44,3,0.53,0.506,0.518,0.36,0.16,0.08,0.07,0.06,0.05,0.03,0.19,0.42,0.38,0.2,0.21,0.43,0.36,0.28,社会党の源流「大分方式」で知られる。九州では比較的革新的な伝統がある。村山富市元首相の出身地。
宮崎県1区,宮崎県,45,1,0.504,0.48,0.492,0.42,0.12,0.07,0.06,0.06,0.04,0.04,0.19,0.5,0.34,0.16,0.18,0.41,0.41,0.22,保守的な農業県。投票率が低い。自衛隊基地もあり安全保障政策への関心がある地域。
宮崎県2区,宮崎県,45,2,0.504,0.48,0.492,0.42,0.12,0.07,0.06,0.06,0.04,0.04,0.19,0.5,0.34,0.16,0.18,0.41,0.41,0.22,保守的な農業県。投票率が低い。自衛隊基地もあり安全保障政策への関心がある地域。
宮崎県3区,宮崎県,45,3,0.504,0.48,0.492,0.42,0.12,0.07,0.06,0.06,0.04,0.04,0.19,0.5,0.34,0.16,0.18,0.41,0.41,0.22,保守的な農業県。投票率が低い。自衛隊基地もあり安全保障政策への関心がある地域。
鹿児島県1区,鹿児島県,46,1,0.516,0.492,0.504,0.4,0.13,0.08,0.06,0.06,0.05,0.04,0.18,0.48,0.35,0.17,0.2,0.42,0.38,0.24,保守的な地域。原発（川内原発）、馬毛島基地問題など安全保障・エネルギーが地域課題。離島問題も。
鹿児島県2区,鹿児島県,46,2,0.516,0.492,0.504,0.4,0.13,0.08,0.06,0.06,0.05,0.04,0.18,0.48,0.35,0.17,0.2,0.42,0.38,0.24,保守的な地域。原発（川内原発）、馬毛島基地問題など安全保障・エネルギーが地域課題。離島問題も。
鹿児島県3区,鹿児島県,46,3,0.516,0.492,0.504,0.4,0.13,0.08,0.06,0.06,0.05,0.04,0.18,0.48,0.35,0.17,0.2,0.42,0.38,0.24,保守的な地域。原発（川内原発）、馬毛島基地問題など安全保障・エネルギーが地域課題。離島問題も。
鹿児島県4区,鹿児島県,46,4,0.516,0.492,0.504,0.4,0.13,0.08,0.06,0.06,0.05,0.04,0.18,0.48,0.35,0.17,0.2,0.42,0.38,0.24,保守的な地域。原発（川内原発）、馬毛島基地問題など安全保障・エネルギーが地域課題。離島問題も。
沖縄県1区,沖縄県,47,1,0.518,0.494,0.506,0.22,0.14,0.06,0.05,0.08,0.08,0.03,0.34,0.25,0.35,0.4,0.3,0.42,0.28,0.3,基地問題が最大の政治テーマ。「オール沖縄」など独自の政治勢力が強い。全国と異なる政党構図。保守・革新の対立軸が基地問題に集約。
沖縄県2区,沖縄県,47,2,0.518,0.494,0.506,0.22,0.14,0.06,0.05,0.08,0.08,0.03,0.34,0.25,0.35,0.4,0.3,0.42,0.28,0.3,基地問題が最大の政治テーマ。「オール沖縄」など独自の政治勢力が強い。全国と異なる政党構図。保守・革新の対立軸が基地問題に集約。
沖縄県3区,沖縄県,47,3,0.518,0.494,0.506,0.22,0.14,0.06,0.05,0.08,0.08,0.03,0.34,0.25,0.35,0.4,0.3,0.42,0.28,0.3,基地問題が最大の政治テーマ。「オール沖縄」など独自の政治勢力が強い。全国と異なる政党構図。保守・革新の対立軸が基地問題に集約。
